template_name,alkyne_name,template_smi,alkyne_smi,molecule_smi,synthesis_success,synthesis_success_prob,is_experiment_x,abl1_pIC50,abl1_pIC50_std
8-1,22-1,Cc1ccc(C(=O)Nc2ccc(CN3CCN(C)CC3)c(C(F)(F)F)c2)cc1I,C#Cc1cnc2ccc(C(=N)OC)cn12,COC(=N)c1ccc2ncc(C#Cc3cc(C(=O)Nc4ccc(CN5CCN(C)CC5)c(C(F)(F)F)c4)ccc3C)n2c1,1,0.5360461387167744,0,7.390089465233937,7.1563277248103345
8-1,22-2,Cc1ccc(C(=O)Nc2ccc(CN3CCN(C)CC3)c(C(F)(F)F)c2)cc1I,C#Cc1cnc2ccccn12,Cc1ccc(C(=O)Nc2ccc(CN3CCN(C)CC3)c(C(F)(F)F)c2)cc1C#Cc1cnc2ccccn12,1,1.0,1,8.045757490560675,1.0
8-1,22-3,Cc1ccc(C(=O)Nc2ccc(CN3CCN(C)CC3)c(C(F)(F)F)c2)cc1I,C#Cc1cnc2ccc(C(F)(F)F)cn12,Cc1ccc(C(=O)Nc2ccc(CN3CCN(C)CC3)c(C(F)(F)F)c2)cc1C#Cc1cnc2ccc(C(F)(F)F)cn12,0,0.0,1,7.515735100290019,7.1529914438132645
8-1,22-4,Cc1ccc(C(=O)Nc2ccc(CN3CCN(C)CC3)c(C(F)(F)F)c2)cc1I,C#Cc1cnc2cccnn12,Cc1ccc(C(=O)Nc2ccc(CN3CCN(C)CC3)c(C(F)(F)F)c2)cc1C#Cc1cnc2cccnn12,1,1.0,1,8.065501548756432,1.0
8-1,22-5,Cc1ccc(C(=O)Nc2ccc(CN3CCN(C)CC3)c(C(F)(F)F)c2)cc1I,C#Cc1cncc2nccn12,Cc1ccc(C(=O)Nc2ccc(CN3CCN(C)CC3)c(C(F)(F)F)c2)cc1C#Cc1cncc2nccn12,1,1.0,1,9.698970004336019,1.0
8-1,22-6,Cc1ccc(C(=O)Nc2ccc(CN3CCN(C)CC3)c(C(F)(F)F)c2)cc1I,C#Cc1cnc2cnccn12,Cc1ccc(C(=O)Nc2ccc(CN3CCN(C)CC3)c(C(F)(F)F)c2)cc1C#Cc1cnc2cnccn12,1,1.0,1,8.638272163982407,1.0
8-1,22-7,Cc1ccc(C(=O)Nc2ccc(CN3CCN(C)CC3)c(C(F)(F)F)c2)cc1I,C#Cc1cncn1C,Cc1ccc(C(=O)Nc2ccc(CN3CCN(C)CC3)c(C(F)(F)F)c2)cc1C#Cc1cncn1C,1,1.0,1,7.045757490560675,1.0
8-1,22-8,Cc1ccc(C(=O)Nc2ccc(CN3CCN(C)CC3)c(C(F)(F)F)c2)cc1I,C#Cc1ccccn1,Cc1ccc(C(=O)Nc2ccc(CN3CCN(C)CC3)c(C(F)(F)F)c2)cc1C#Cc1ccccn1,1,0.9842781971447956,0,5.907613298855183,7.073579969507444
8-1,22-9,Cc1ccc(C(=O)Nc2ccc(CN3CCN(C)CC3)c(C(F)(F)F)c2)cc1I,C#Cc1cnccn1,Cc1ccc(C(=O)Nc2ccc(CN3CCN(C)CC3)c(C(F)(F)F)c2)cc1C#Cc1cnccn1,0,0.06286680371934661,0,7.250820757052067,7.137658028068024
8-1,22-10,Cc1ccc(C(=O)Nc2ccc(CN3CCN(C)CC3)c(C(F)(F)F)c2)cc1I,C#Cc1cnc2ccccc2n1,Cc1ccc(C(=O)Nc2ccc(CN3CCN(C)CC3)c(C(F)(F)F)c2)cc1C#Cc1cnc2ccccc2n1,1,0.9876988524201714,0,7.241945994198421,7.161732509396147
8-1,22-11,Cc1ccc(C(=O)Nc2ccc(CN3CCN(C)CC3)c(C(F)(F)F)c2)cc1I,C#Cc1cnc2[nH]ccc2n1,Cc1ccc(C(=O)Nc2ccc(CN3CCN(C)CC3)c(C(F)(F)F)c2)cc1C#Cc1cnc2[nH]ccc2n1,1,0.9840750491012802,0,7.265728410270801,7.137727502799871
8-1,22-12,Cc1ccc(C(=O)Nc2ccc(CN3CCN(C)CC3)c(C(F)(F)F)c2)cc1I,C#Cc1cnc2cccnc2c1,Cc1ccc(C(=O)Nc2ccc(CN3CCN(C)CC3)c(C(F)(F)F)c2)cc1C#Cc1cnc2cccnc2c1,1,0.9453842173359079,0,7.187452562052926,7.160620485344561
8-1,22-13,Cc1ccc(C(=O)Nc2ccc(CN3CCN(C)CC3)c(C(F)(F)F)c2)cc1I,C#Cc1cnc2scnc2c1,Cc1ccc(C(=O)Nc2ccc(CN3CCN(C)CC3)c(C(F)(F)F)c2)cc1C#Cc1cnc2scnc2c1,1,0.9840750491012802,0,7.052106052930368,7.199058376311378
8-1,22-14,Cc1ccc(C(=O)Nc2ccc(CN3CCN(C)CC3)c(C(F)(F)F)c2)cc1I,C#Cc1cnc2cn[nH]c2c1,Cc1ccc(C(=O)Nc2ccc(CN3CCN(C)CC3)c(C(F)(F)F)c2)cc1C#Cc1cnc2cn[nH]c2c1,0,0.0,1,7.409050952218686,7.155503587269626
8-1,22-15,Cc1ccc(C(=O)Nc2ccc(CN3CCN(C)CC3)c(C(F)(F)F)c2)cc1I,C#Cc1cccnc1,Cc1ccc(C(=O)Nc2ccc(CN3CCN(C)CC3)c(C(F)(F)F)c2)cc1C#Cc1cccnc1,1,0.8175159427733314,0,7.165380102110916,7.1501715648533
8-1,22-16,Cc1ccc(C(=O)Nc2ccc(CN3CCN(C)CC3)c(C(F)(F)F)c2)cc1I,C#Cc1ccncc1,Cc1ccc(C(=O)Nc2ccc(CN3CCN(C)CC3)c(C(F)(F)F)c2)cc1C#Cc1ccncc1,1,0.9664246865823124,0,5.9036544181986095,7.112680995627078
8-1,22-17,Cc1ccc(C(=O)Nc2ccc(CN3CCN(C)CC3)c(C(F)(F)F)c2)cc1I,C#Cc1ccccc1,Cc1ccc(C(=O)Nc2ccc(CN3CCN(C)CC3)c(C(F)(F)F)c2)cc1C#Cc1ccccc1,1,0.9876988524201714,0,5.888498327814676,7.117521645642418
8-1,22-18,Cc1ccc(C(=O)Nc2ccc(CN3CCN(C)CC3)c(C(F)(F)F)c2)cc1I,C#Cc1cccc(C#N)c1,Cc1ccc(C(=O)Nc2ccc(CN3CCN(C)CC3)c(C(F)(F)F)c2)cc1C#Cc1cccc(C#N)c1,1,0.7221081131110451,0,5.935589996394826,7.095797662748509
8-1,22-19,Cc1ccc(C(=O)Nc2ccc(CN3CCN(C)CC3)c(C(F)(F)F)c2)cc1I,C#Cc1cccc(F)c1,Cc1ccc(C(=O)Nc2ccc(CN3CCN(C)CC3)c(C(F)(F)F)c2)cc1C#Cc1cccc(F)c1,1,0.9840750491012802,0,5.922049701512694,7.089183742666405
8-1,22-20,Cc1ccc(C(=O)Nc2ccc(CN3CCN(C)CC3)c(C(F)(F)F)c2)cc1I,C#Cc1ccc(F)cc1,Cc1ccc(C(=O)Nc2ccc(CN3CCN(C)CC3)c(C(F)(F)F)c2)cc1C#Cc1ccc(F)cc1,1,0.9840750491012802,0,5.875106246277373,7.115845295047267
8-1,22-21,Cc1ccc(C(=O)Nc2ccc(CN3CCN(C)CC3)c(C(F)(F)F)c2)cc1I,C#Cc1cncnc1,Cc1ccc(C(=O)Nc2ccc(CN3CCN(C)CC3)c(C(F)(F)F)c2)cc1C#Cc1cncnc1,1,0.9824217149827358,0,7.283928174327151,7.145279825580639
8-1,22-22,Cc1ccc(C(=O)Nc2ccc(CN3CCN(C)CC3)c(C(F)(F)F)c2)cc1I,C#Cc1cnc(Nc2ccccc2)nc1,Cc1ccc(C(=O)Nc2ccc(CN3CCN(C)CC3)c(C(F)(F)F)c2)cc1C#Cc1cnc(Nc2ccccc2)nc1,1,0.7475805816418538,0,7.30507048199207,7.187474999290591
8-1,22-23,Cc1ccc(C(=O)Nc2ccc(CN3CCN(C)CC3)c(C(F)(F)F)c2)cc1I,C#Cc1ccc(N)nc1,Cc1ccc(C(=O)Nc2ccc(CN3CCN(C)CC3)c(C(F)(F)F)c2)cc1C#Cc1ccc(N)nc1,1,1.0,1,7.055517327849832,1.0
8-1,22-24,Cc1ccc(C(=O)Nc2ccc(CN3CCN(C)CC3)c(C(F)(F)F)c2)cc1I,C#Cc1ccccc1F,Cc1ccc(C(=O)Nc2ccc(CN3CCN(C)CC3)c(C(F)(F)F)c2)cc1C#Cc1ccccc1F,1,0.9876988524201714,0,5.964336761799826,7.101832116300306
8-1,22-25,Cc1ccc(C(=O)Nc2ccc(CN3CCN(C)CC3)c(C(F)(F)F)c2)cc1I,C[Si](C)(C)C#Cc1cnc2nccn2c1,Cc1ccc(C(=O)Nc2ccc(CN3CCN(C)CC3)c(C(F)(F)F)c2)cc1C#Cc1cnc2nccn2c1,0,0.0,1,7.317688115482943,7.170492997403252
8-1,22-26,Cc1ccc(C(=O)Nc2ccc(CN3CCN(C)CC3)c(C(F)(F)F)c2)cc1I,C[Si](C)(C)C#Cc1cncc2nc[nH]c12,Cc1ccc(C(=O)Nc2ccc(CN3CCN(C)CC3)c(C(F)(F)F)c2)cc1C#Cc1cncc2nc[nH]c12,1,1.0,1,7.886056647693163,1.0
8-1,22-27,Cc1ccc(C(=O)Nc2ccc(CN3CCN(C)CC3)c(C(F)(F)F)c2)cc1I,C#Cc1cnc(C)s1,Cc1ncc(C#Cc2cc(C(=O)Nc3ccc(CN4CCN(C)CC4)c(C(F)(F)F)c3)ccc2C)s1,0,0.1971581521126445,0,7.268420770420533,7.177462501815492
8-2,22-1,Cc1ccc(C(=O)Nc2ccc(CN3CCN(CCO)CC3)c(C(F)(F)F)c2)cc1I,C#Cc1cnc2ccc(C(=N)OC)cn12,COC(=N)c1ccc2ncc(C#Cc3cc(C(=O)Nc4ccc(CN5CCN(CCO)CC5)c(C(F)(F)F)c4)ccc3C)n2c1,1,0.8161609676347558,0,7.258004406037351,7.126468391323596
8-2,22-2,Cc1ccc(C(=O)Nc2ccc(CN3CCN(CCO)CC3)c(C(F)(F)F)c2)cc1I,C#Cc1cnc2ccccn12,Cc1ccc(C(=O)Nc2ccc(CN3CCN(CCO)CC3)c(C(F)(F)F)c2)cc1C#Cc1cnc2ccccn12,1,1.0,1,7.721246399047171,1.0
8-2,22-3,Cc1ccc(C(=O)Nc2ccc(CN3CCN(CCO)CC3)c(C(F)(F)F)c2)cc1I,C#Cc1cnc2ccc(C(F)(F)F)cn12,Cc1ccc(C(=O)Nc2ccc(CN3CCN(CCO)CC3)c(C(F)(F)F)c2)cc1C#Cc1cnc2ccc(C(F)(F)F)cn12,1,1.0,1,7.229147988357855,1.0
8-2,22-4,Cc1ccc(C(=O)Nc2ccc(CN3CCN(CCO)CC3)c(C(F)(F)F)c2)cc1I,C#Cc1cnc2cccnn12,Cc1ccc(C(=O)Nc2ccc(CN3CCN(CCO)CC3)c(C(F)(F)F)c2)cc1C#Cc1cnc2cccnn12,1,1.0,1,7.920818753952375,1.0
8-2,22-5,Cc1ccc(C(=O)Nc2ccc(CN3CCN(CCO)CC3)c(C(F)(F)F)c2)cc1I,C#Cc1cncc2nccn12,Cc1ccc(C(=O)Nc2ccc(CN3CCN(CCO)CC3)c(C(F)(F)F)c2)cc1C#Cc1cncc2nccn12,1,1.0,1,8.221848749616356,1.0
8-2,22-6,Cc1ccc(C(=O)Nc2ccc(CN3CCN(CCO)CC3)c(C(F)(F)F)c2)cc1I,C#Cc1cnc2cnccn12,Cc1ccc(C(=O)Nc2ccc(CN3CCN(CCO)CC3)c(C(F)(F)F)c2)cc1C#Cc1cnc2cnccn12,1,1.0,1,8.522878745280337,1.0
8-2,22-7,Cc1ccc(C(=O)Nc2ccc(CN3CCN(CCO)CC3)c(C(F)(F)F)c2)cc1I,C#Cc1cncn1C,Cc1ccc(C(=O)Nc2ccc(CN3CCN(CCO)CC3)c(C(F)(F)F)c2)cc1C#Cc1cncn1C,1,0.9840750491012802,0,7.346188831600036,7.133799180163449
8-2,22-8,Cc1ccc(C(=O)Nc2ccc(CN3CCN(CCO)CC3)c(C(F)(F)F)c2)cc1I,C#Cc1ccccn1,Cc1ccc(C(=O)Nc2ccc(CN3CCN(CCO)CC3)c(C(F)(F)F)c2)cc1C#Cc1ccccn1,1,0.9842781971447956,0,5.324138503214547,7.082131450661363
8-2,22-9,Cc1ccc(C(=O)Nc2ccc(CN3CCN(CCO)CC3)c(C(F)(F)F)c2)cc1I,C#Cc1cnccn1,Cc1ccc(C(=O)Nc2ccc(CN3CCN(CCO)CC3)c(C(F)(F)F)c2)cc1C#Cc1cnccn1,0,0.0,1,7.187718509254093,7.1313861200083135
8-2,22-10,Cc1ccc(C(=O)Nc2ccc(CN3CCN(CCO)CC3)c(C(F)(F)F)c2)cc1I,C#Cc1cnc2ccccc2n1,Cc1ccc(C(=O)Nc2ccc(CN3CCN(CCO)CC3)c(C(F)(F)F)c2)cc1C#Cc1cnc2ccccc2n1,1,0.9876988524201714,0,7.185767587581025,7.105281004882414
8-2,22-11,Cc1ccc(C(=O)Nc2ccc(CN3CCN(CCO)CC3)c(C(F)(F)F)c2)cc1I,C#Cc1cnc2[nH]ccc2n1,Cc1ccc(C(=O)Nc2ccc(CN3CCN(CCO)CC3)c(C(F)(F)F)c2)cc1C#Cc1cnc2[nH]ccc2n1,1,0.9840750491012802,0,7.233213219687283,7.080766400999673
8-2,22-12,Cc1ccc(C(=O)Nc2ccc(CN3CCN(CCO)CC3)c(C(F)(F)F)c2)cc1I,C#Cc1cnc2cccnc2c1,Cc1ccc(C(=O)Nc2ccc(CN3CCN(CCO)CC3)c(C(F)(F)F)c2)cc1C#Cc1cnc2cccnc2c1,1,0.9394830558623126,0,7.160375331301817,7.086903431537873
8-2,22-13,Cc1ccc(C(=O)Nc2ccc(CN3CCN(CCO)CC3)c(C(F)(F)F)c2)cc1I,C#Cc1cnc2scnc2c1,Cc1ccc(C(=O)Nc2ccc(CN3CCN(CCO)CC3)c(C(F)(F)F)c2)cc1C#Cc1cnc2scnc2c1,1,0.9840750491012802,0,7.074695134944838,7.112724208786759
8-2,22-14,Cc1ccc(C(=O)Nc2ccc(CN3CCN(CCO)CC3)c(C(F)(F)F)c2)cc1I,C#Cc1cnc2cn[nH]c2c1,Cc1ccc(C(=O)Nc2ccc(CN3CCN(CCO)CC3)c(C(F)(F)F)c2)cc1C#Cc1cnc2cn[nH]c2c1,0,0.17626265820048825,0,7.384177660559361,7.090362680980764
8-2,22-15,Cc1ccc(C(=O)Nc2ccc(CN3CCN(CCO)CC3)c(C(F)(F)F)c2)cc1I,C#Cc1cccnc1,Cc1ccc(C(=O)Nc2ccc(CN3CCN(CCO)CC3)c(C(F)(F)F)c2)cc1C#Cc1cccnc1,0,0.0,1,7.1617278738676395,7.101356439614582
8-2,22-16,Cc1ccc(C(=O)Nc2ccc(CN3CCN(CCO)CC3)c(C(F)(F)F)c2)cc1I,C#Cc1ccncc1,Cc1ccc(C(=O)Nc2ccc(CN3CCN(CCO)CC3)c(C(F)(F)F)c2)cc1C#Cc1ccncc1,1,0.9664246865823124,0,5.411186450113538,7.096785779197693
8-2,22-17,Cc1ccc(C(=O)Nc2ccc(CN3CCN(CCO)CC3)c(C(F)(F)F)c2)cc1I,C#Cc1ccccc1,Cc1ccc(C(=O)Nc2ccc(CN3CCN(CCO)CC3)c(C(F)(F)F)c2)cc1C#Cc1ccccc1,1,0.9876988524201714,0,5.361629638194737,7.119955804534726
8-2,22-18,Cc1ccc(C(=O)Nc2ccc(CN3CCN(CCO)CC3)c(C(F)(F)F)c2)cc1I,C#Cc1cccc(C#N)c1,Cc1ccc(C(=O)Nc2ccc(CN3CCN(CCO)CC3)c(C(F)(F)F)c2)cc1C#Cc1cccc(C#N)c1,1,0.7221081131110451,0,5.3914941494116615,7.094689095473715
8-2,22-19,Cc1ccc(C(=O)Nc2ccc(CN3CCN(CCO)CC3)c(C(F)(F)F)c2)cc1I,C#Cc1cccc(F)c1,Cc1ccc(C(=O)Nc2ccc(CN3CCN(CCO)CC3)c(C(F)(F)F)c2)cc1C#Cc1cccc(F)c1,1,0.9840750491012802,0,5.4062090116924795,7.100497441686494
8-2,22-20,Cc1ccc(C(=O)Nc2ccc(CN3CCN(CCO)CC3)c(C(F)(F)F)c2)cc1I,C#Cc1ccc(F)cc1,Cc1ccc(C(=O)Nc2ccc(CN3CCN(CCO)CC3)c(C(F)(F)F)c2)cc1C#Cc1ccc(F)cc1,1,0.9840750491012802,0,5.379485224960113,7.132932688762239
8-2,22-21,Cc1ccc(C(=O)Nc2ccc(CN3CCN(CCO)CC3)c(C(F)(F)F)c2)cc1I,C#Cc1cncnc1,Cc1ccc(C(=O)Nc2ccc(CN3CCN(CCO)CC3)c(C(F)(F)F)c2)cc1C#Cc1cncnc1,1,0.9824217149827358,0,7.244163519216511,7.125187566335259
8-2,22-22,Cc1ccc(C(=O)Nc2ccc(CN3CCN(CCO)CC3)c(C(F)(F)F)c2)cc1I,C#Cc1cnc(Nc2ccccc2)nc1,Cc1ccc(C(=O)Nc2ccc(CN3CCN(CCO)CC3)c(C(F)(F)F)c2)cc1C#Cc1cnc(Nc2ccccc2)nc1,1,0.5546796469126549,0,7.221568346217969,7.116088514731462
8-2,22-23,Cc1ccc(C(=O)Nc2ccc(CN3CCN(CCO)CC3)c(C(F)(F)F)c2)cc1I,C#Cc1ccc(N)nc1,Cc1ccc(C(=O)Nc2ccc(CN3CCN(CCO)CC3)c(C(F)(F)F)c2)cc1C#Cc1ccc(N)nc1,1,0.9855714145331566,0,7.189548103174487,7.1064904600247605
8-2,22-24,Cc1ccc(C(=O)Nc2ccc(CN3CCN(CCO)CC3)c(C(F)(F)F)c2)cc1I,C#Cc1ccccc1F,Cc1ccc(C(=O)Nc2ccc(CN3CCN(CCO)CC3)c(C(F)(F)F)c2)cc1C#Cc1ccccc1F,1,0.9876988524201714,0,5.398698756828306,7.09445661738759
8-2,22-25,Cc1ccc(C(=O)Nc2ccc(CN3CCN(CCO)CC3)c(C(F)(F)F)c2)cc1I,C[Si](C)(C)C#Cc1cnc2nccn2c1,Cc1ccc(C(=O)Nc2ccc(CN3CCN(CCO)CC3)c(C(F)(F)F)c2)cc1C#Cc1cnc2nccn2c1,0,0.0,1,7.297689010844734,7.111829171093613
8-2,22-26,Cc1ccc(C(=O)Nc2ccc(CN3CCN(CCO)CC3)c(C(F)(F)F)c2)cc1I,C[Si](C)(C)C#Cc1cncc2nc[nH]c12,Cc1ccc(C(=O)Nc2ccc(CN3CCN(CCO)CC3)c(C(F)(F)F)c2)cc1C#Cc1cncc2nc[nH]c12,1,1.0,1,7.853871964321762,1.0
8-2,22-27,Cc1ccc(C(=O)Nc2ccc(CN3CCN(CCO)CC3)c(C(F)(F)F)c2)cc1I,C#Cc1cnc(C)s1,Cc1ncc(C#Cc2cc(C(=O)Nc3ccc(CN4CCN(CCO)CC4)c(C(F)(F)F)c3)ccc2C)s1,0,0.1971581521126445,0,7.132113183689908,7.102521190388821
8-3,22-1,Cc1ccc(C(=O)Nc2ccc(CN3CCC(O)CC3)c(C(F)(F)F)c2)cc1I,C#Cc1cnc2ccc(C(=N)OC)cn12,COC(=N)c1ccc2ncc(C#Cc3cc(C(=O)Nc4ccc(CN5CCC(O)CC5)c(C(F)(F)F)c4)ccc3C)n2c1,0,0.2370466416903419,0,6.635743029150323,7.08475262421961
8-3,22-2,Cc1ccc(C(=O)Nc2ccc(CN3CCC(O)CC3)c(C(F)(F)F)c2)cc1I,C#Cc1cnc2ccccn12,Cc1ccc(C(=O)Nc2ccc(CN3CCC(O)CC3)c(C(F)(F)F)c2)cc1C#Cc1cnc2ccccn12,1,0.9785506601259422,0,6.974287143338842,7.0723920433008605
8-3,22-3,Cc1ccc(C(=O)Nc2ccc(CN3CCC(O)CC3)c(C(F)(F)F)c2)cc1I,C#Cc1cnc2ccc(C(F)(F)F)cn12,Cc1ccc(C(=O)Nc2ccc(CN3CCC(O)CC3)c(C(F)(F)F)c2)cc1C#Cc1cnc2ccc(C(F)(F)F)cn12,0,0.38045461612821124,0,6.7534326807251155,7.099001277477407
8-3,22-4,Cc1ccc(C(=O)Nc2ccc(CN3CCC(O)CC3)c(C(F)(F)F)c2)cc1I,C#Cc1cnc2cccnn12,Cc1ccc(C(=O)Nc2ccc(CN3CCC(O)CC3)c(C(F)(F)F)c2)cc1C#Cc1cnc2cccnn12,1,0.9006071448610737,0,6.978935721276442,7.0942900449229755
8-3,22-5,Cc1ccc(C(=O)Nc2ccc(CN3CCC(O)CC3)c(C(F)(F)F)c2)cc1I,C#Cc1cncc2nccn12,Cc1ccc(C(=O)Nc2ccc(CN3CCC(O)CC3)c(C(F)(F)F)c2)cc1C#Cc1cncc2nccn12,1,1.0,1,7.346787486224656,1.0
8-3,22-6,Cc1ccc(C(=O)Nc2ccc(CN3CCC(O)CC3)c(C(F)(F)F)c2)cc1I,C#Cc1cnc2cnccn12,Cc1ccc(C(=O)Nc2ccc(CN3CCC(O)CC3)c(C(F)(F)F)c2)cc1C#Cc1cnc2cnccn12,0,0.0,1,7.806552092722706,7.084890247233069
8-3,22-7,Cc1ccc(C(=O)Nc2ccc(CN3CCC(O)CC3)c(C(F)(F)F)c2)cc1I,C#Cc1cncn1C,Cc1ccc(C(=O)Nc2ccc(CN3CCC(O)CC3)c(C(F)(F)F)c2)cc1C#Cc1cncn1C,1,1.0,1,6.721246399047171,1.0
8-3,22-8,Cc1ccc(C(=O)Nc2ccc(CN3CCC(O)CC3)c(C(F)(F)F)c2)cc1I,C#Cc1ccccn1,Cc1ccc(C(=O)Nc2ccc(CN3CCC(O)CC3)c(C(F)(F)F)c2)cc1C#Cc1ccccn1,1,0.9842781971447956,0,4.9602345177660006,7.0419385888331725
8-3,22-9,Cc1ccc(C(=O)Nc2ccc(CN3CCC(O)CC3)c(C(F)(F)F)c2)cc1I,C#Cc1cnccn1,Cc1ccc(C(=O)Nc2ccc(CN3CCC(O)CC3)c(C(F)(F)F)c2)cc1C#Cc1cnccn1,0,0.010882498887822788,0,6.595447101366852,7.081175917636139
8-3,22-10,Cc1ccc(C(=O)Nc2ccc(CN3CCC(O)CC3)c(C(F)(F)F)c2)cc1I,C#Cc1cnc2ccccc2n1,Cc1ccc(C(=O)Nc2ccc(CN3CCC(O)CC3)c(C(F)(F)F)c2)cc1C#Cc1cnc2ccccc2n1,1,1.0,1,6.657577319177793,1.0
8-3,22-11,Cc1ccc(C(=O)Nc2ccc(CN3CCC(O)CC3)c(C(F)(F)F)c2)cc1I,C#Cc1cnc2[nH]ccc2n1,Cc1ccc(C(=O)Nc2ccc(CN3CCC(O)CC3)c(C(F)(F)F)c2)cc1C#Cc1cnc2[nH]ccc2n1,1,1.0,1,6.552841968657781,1.0
8-3,22-12,Cc1ccc(C(=O)Nc2ccc(CN3CCC(O)CC3)c(C(F)(F)F)c2)cc1I,C#Cc1cnc2cccnc2c1,Cc1ccc(C(=O)Nc2ccc(CN3CCC(O)CC3)c(C(F)(F)F)c2)cc1C#Cc1cnc2cccnc2c1,1,0.9394830558623126,0,6.6036420813782595,7.084386097116547
8-3,22-13,Cc1ccc(C(=O)Nc2ccc(CN3CCC(O)CC3)c(C(F)(F)F)c2)cc1I,C#Cc1cnc2scnc2c1,Cc1ccc(C(=O)Nc2ccc(CN3CCC(O)CC3)c(C(F)(F)F)c2)cc1C#Cc1cnc2scnc2c1,1,0.9840750491012802,0,6.491723589521941,7.086459302215046
8-3,22-14,Cc1ccc(C(=O)Nc2ccc(CN3CCC(O)CC3)c(C(F)(F)F)c2)cc1I,C#Cc1cnc2cn[nH]c2c1,Cc1ccc(C(=O)Nc2ccc(CN3CCC(O)CC3)c(C(F)(F)F)c2)cc1C#Cc1cnc2cn[nH]c2c1,0,0.17626265820048825,0,7.0092053341364755,7.092315688595036
8-3,22-15,Cc1ccc(C(=O)Nc2ccc(CN3CCC(O)CC3)c(C(F)(F)F)c2)cc1I,C#Cc1cccnc1,Cc1ccc(C(=O)Nc2ccc(CN3CCC(O)CC3)c(C(F)(F)F)c2)cc1C#Cc1cccnc1,0,0.42354378620401495,0,6.574960152872224,7.080384074883976
8-3,22-16,Cc1ccc(C(=O)Nc2ccc(CN3CCC(O)CC3)c(C(F)(F)F)c2)cc1I,C#Cc1ccncc1,Cc1ccc(C(=O)Nc2ccc(CN3CCC(O)CC3)c(C(F)(F)F)c2)cc1C#Cc1ccncc1,1,1.0,1,5.0,1.0
8-3,22-17,Cc1ccc(C(=O)Nc2ccc(CN3CCC(O)CC3)c(C(F)(F)F)c2)cc1I,C#Cc1ccccc1,Cc1ccc(C(=O)Nc2ccc(CN3CCC(O)CC3)c(C(F)(F)F)c2)cc1C#Cc1ccccc1,1,0.9876988524201714,0,5.0040105779736095,7.034150862066181
8-3,22-18,Cc1ccc(C(=O)Nc2ccc(CN3CCC(O)CC3)c(C(F)(F)F)c2)cc1I,C#Cc1cccc(C#N)c1,Cc1ccc(C(=O)Nc2ccc(CN3CCC(O)CC3)c(C(F)(F)F)c2)cc1C#Cc1cccc(C#N)c1,1,0.7221081131110451,0,5.009767642977476,7.039893396806342
8-3,22-19,Cc1ccc(C(=O)Nc2ccc(CN3CCC(O)CC3)c(C(F)(F)F)c2)cc1I,C#Cc1cccc(F)c1,Cc1ccc(C(=O)Nc2ccc(CN3CCC(O)CC3)c(C(F)(F)F)c2)cc1C#Cc1cccc(F)c1,1,1.0,1,5.0,1.0
8-3,22-20,Cc1ccc(C(=O)Nc2ccc(CN3CCC(O)CC3)c(C(F)(F)F)c2)cc1I,C#Cc1ccc(F)cc1,Cc1ccc(C(=O)Nc2ccc(CN3CCC(O)CC3)c(C(F)(F)F)c2)cc1C#Cc1ccc(F)cc1,1,1.0,1,5.0,1.0
8-3,22-21,Cc1ccc(C(=O)Nc2ccc(CN3CCC(O)CC3)c(C(F)(F)F)c2)cc1I,C#Cc1cncnc1,Cc1ccc(C(=O)Nc2ccc(CN3CCC(O)CC3)c(C(F)(F)F)c2)cc1C#Cc1cncnc1,1,0.9824217149827358,0,6.571291675313388,7.070223340609043
8-3,22-22,Cc1ccc(C(=O)Nc2ccc(CN3CCC(O)CC3)c(C(F)(F)F)c2)cc1I,C#Cc1cnc(Nc2ccccc2)nc1,Cc1ccc(C(=O)Nc2ccc(CN3CCC(O)CC3)c(C(F)(F)F)c2)cc1C#Cc1cnc(Nc2ccccc2)nc1,0,0.35132094220382626,0,6.671360622410951,7.084161273702535
8-3,22-23,Cc1ccc(C(=O)Nc2ccc(CN3CCC(O)CC3)c(C(F)(F)F)c2)cc1I,C#Cc1ccc(N)nc1,Cc1ccc(C(=O)Nc2ccc(CN3CCC(O)CC3)c(C(F)(F)F)c2)cc1C#Cc1ccc(N)nc1,1,1.0,1,6.7447274948966935,1.0
8-3,22-24,Cc1ccc(C(=O)Nc2ccc(CN3CCC(O)CC3)c(C(F)(F)F)c2)cc1I,C#Cc1ccccc1F,Cc1ccc(C(=O)Nc2ccc(CN3CCC(O)CC3)c(C(F)(F)F)c2)cc1C#Cc1ccccc1F,1,0.9876988524201714,0,5.009344225334287,7.036459689040103
8-3,22-25,Cc1ccc(C(=O)Nc2ccc(CN3CCC(O)CC3)c(C(F)(F)F)c2)cc1I,C[Si](C)(C)C#Cc1cnc2nccn2c1,Cc1ccc(C(=O)Nc2ccc(CN3CCC(O)CC3)c(C(F)(F)F)c2)cc1C#Cc1cnc2nccn2c1,0,0.016413002629128474,0,6.589953029809757,7.084489577428581
8-3,22-26,Cc1ccc(C(=O)Nc2ccc(CN3CCC(O)CC3)c(C(F)(F)F)c2)cc1I,C[Si](C)(C)C#Cc1cncc2nc[nH]c12,Cc1ccc(C(=O)Nc2ccc(CN3CCC(O)CC3)c(C(F)(F)F)c2)cc1C#Cc1cncc2nc[nH]c12,1,0.9840750491012802,0,7.005238953570919,7.076437073068381
8-3,22-27,Cc1ccc(C(=O)Nc2ccc(CN3CCC(O)CC3)c(C(F)(F)F)c2)cc1I,C#Cc1cnc(C)s1,Cc1ncc(C#Cc2cc(C(=O)Nc3ccc(CN4CCC(O)CC4)c(C(F)(F)F)c3)ccc2C)s1,0,0.20180646158922486,0,6.5265164239554965,7.090964747535152
8-4,22-1,Cc1ccc(C(=O)Nc2ccc(Cn3ccnc3)c(C(F)(F)F)c2)cc1I,C#Cc1cnc2ccc(C(=N)OC)cn12,COC(=N)c1ccc2ncc(C#Cc3cc(C(=O)Nc4ccc(Cn5ccnc5)c(C(F)(F)F)c4)ccc3C)n2c1,0,0.1408779845265962,0,6.746155671157657,7.05635357630805
8-4,22-2,Cc1ccc(C(=O)Nc2ccc(Cn3ccnc3)c(C(F)(F)F)c2)cc1I,C#Cc1cnc2ccccn12,Cc1ccc(C(=O)Nc2ccc(Cn3ccnc3)c(C(F)(F)F)c2)cc1C#Cc1cnc2ccccn12,1,0.916663954298715,0,7.180718086132228,7.058653773849477
8-4,22-3,Cc1ccc(C(=O)Nc2ccc(Cn3ccnc3)c(C(F)(F)F)c2)cc1I,C#Cc1cnc2ccc(C(F)(F)F)cn12,Cc1ccc(C(=O)Nc2ccc(Cn3ccnc3)c(C(F)(F)F)c2)cc1C#Cc1cnc2ccc(C(F)(F)F)cn12,0,0.16932891356311192,0,6.8617700508540205,7.065187958128536
8-4,22-4,Cc1ccc(C(=O)Nc2ccc(Cn3ccnc3)c(C(F)(F)F)c2)cc1I,C#Cc1cnc2cccnn12,Cc1ccc(C(=O)Nc2ccc(Cn3ccnc3)c(C(F)(F)F)c2)cc1C#Cc1cnc2cccnn12,0,0.0,1,7.02111178138508,7.071455570139432
8-4,22-5,Cc1ccc(C(=O)Nc2ccc(Cn3ccnc3)c(C(F)(F)F)c2)cc1I,C#Cc1cncc2nccn12,Cc1ccc(C(=O)Nc2ccc(Cn3ccnc3)c(C(F)(F)F)c2)cc1C#Cc1cncc2nccn12,1,1.0,1,7.769551078621726,1.0
8-4,22-6,Cc1ccc(C(=O)Nc2ccc(Cn3ccnc3)c(C(F)(F)F)c2)cc1I,C#Cc1cnc2cnccn12,Cc1ccc(C(=O)Nc2ccc(Cn3ccnc3)c(C(F)(F)F)c2)cc1C#Cc1cnc2cnccn12,0,0.0,1,8.074944928490543,7.072786203902993
8-4,22-7,Cc1ccc(C(=O)Nc2ccc(Cn3ccnc3)c(C(F)(F)F)c2)cc1I,C#Cc1cncn1C,Cc1ccc(C(=O)Nc2ccc(Cn3ccnc3)c(C(F)(F)F)c2)cc1C#Cc1cncn1C,1,0.8969924427740583,0,6.83296736912807,7.050737429390858
8-4,22-8,Cc1ccc(C(=O)Nc2ccc(Cn3ccnc3)c(C(F)(F)F)c2)cc1I,C#Cc1ccccn1,Cc1ccc(C(=O)Nc2ccc(Cn3ccnc3)c(C(F)(F)F)c2)cc1C#Cc1ccccn1,1,1.0,1,5.0,1.0
8-4,22-9,Cc1ccc(C(=O)Nc2ccc(Cn3ccnc3)c(C(F)(F)F)c2)cc1I,C#Cc1cnccn1,Cc1ccc(C(=O)Nc2ccc(Cn3ccnc3)c(C(F)(F)F)c2)cc1C#Cc1cnccn1,0,0.024678794195072188,0,6.649100937951318,7.052724574527492
8-4,22-10,Cc1ccc(C(=O)Nc2ccc(Cn3ccnc3)c(C(F)(F)F)c2)cc1I,C#Cc1cnc2ccccc2n1,Cc1ccc(C(=O)Nc2ccc(Cn3ccnc3)c(C(F)(F)F)c2)cc1C#Cc1cnc2ccccc2n1,1,0.9508820914175036,0,6.723423602148618,7.061858448118661
8-4,22-11,Cc1ccc(C(=O)Nc2ccc(Cn3ccnc3)c(C(F)(F)F)c2)cc1I,C#Cc1cnc2[nH]ccc2n1,Cc1ccc(C(=O)Nc2ccc(Cn3ccnc3)c(C(F)(F)F)c2)cc1C#Cc1cnc2[nH]ccc2n1,1,0.8969924427740583,0,6.6651719573441195,7.077705190982819
8-4,22-12,Cc1ccc(C(=O)Nc2ccc(Cn3ccnc3)c(C(F)(F)F)c2)cc1I,C#Cc1cnc2cccnc2c1,Cc1ccc(C(=O)Nc2ccc(Cn3ccnc3)c(C(F)(F)F)c2)cc1C#Cc1cnc2cccnc2c1,1,0.8969924427740583,0,6.630746789719609,7.0624297250779815
8-4,22-13,Cc1ccc(C(=O)Nc2ccc(Cn3ccnc3)c(C(F)(F)F)c2)cc1I,C#Cc1cnc2scnc2c1,Cc1ccc(C(=O)Nc2ccc(Cn3ccnc3)c(C(F)(F)F)c2)cc1C#Cc1cnc2scnc2c1,1,0.8969924427740583,0,6.52612085002712,7.064784356329916
8-4,22-14,Cc1ccc(C(=O)Nc2ccc(Cn3ccnc3)c(C(F)(F)F)c2)cc1I,C#Cc1cnc2cn[nH]c2c1,Cc1ccc(C(=O)Nc2ccc(Cn3ccnc3)c(C(F)(F)F)c2)cc1C#Cc1cnc2cn[nH]c2c1,0,0.06631546234195261,0,7.052344803829003,7.058314360925952
8-4,22-15,Cc1ccc(C(=O)Nc2ccc(Cn3ccnc3)c(C(F)(F)F)c2)cc1I,C#Cc1cccnc1,Cc1ccc(C(=O)Nc2ccc(Cn3ccnc3)c(C(F)(F)F)c2)cc1C#Cc1cccnc1,1,0.5226940130774254,0,6.588335945489381,7.045783479679118
8-4,22-16,Cc1ccc(C(=O)Nc2ccc(Cn3ccnc3)c(C(F)(F)F)c2)cc1I,C#Cc1ccncc1,Cc1ccc(C(=O)Nc2ccc(Cn3ccnc3)c(C(F)(F)F)c2)cc1C#Cc1ccncc1,1,0.9421226590384888,0,4.99429266217276,7.035219477445287
8-4,22-17,Cc1ccc(C(=O)Nc2ccc(Cn3ccnc3)c(C(F)(F)F)c2)cc1I,C#Cc1ccccc1,Cc1ccc(C(=O)Nc2ccc(Cn3ccnc3)c(C(F)(F)F)c2)cc1C#Cc1ccccc1,1,1.0,1,5.0,1.0
8-4,22-18,Cc1ccc(C(=O)Nc2ccc(Cn3ccnc3)c(C(F)(F)F)c2)cc1I,C#Cc1cccc(C#N)c1,Cc1ccc(C(=O)Nc2ccc(Cn3ccnc3)c(C(F)(F)F)c2)cc1C#Cc1cccc(C#N)c1,1,0.6709058149845379,0,5.015660792042238,7.032266791145246
8-4,22-19,Cc1ccc(C(=O)Nc2ccc(Cn3ccnc3)c(C(F)(F)F)c2)cc1I,C#Cc1cccc(F)c1,Cc1ccc(C(=O)Nc2ccc(Cn3ccnc3)c(C(F)(F)F)c2)cc1C#Cc1cccc(F)c1,1,1.0,1,5.0,1.0
8-4,22-20,Cc1ccc(C(=O)Nc2ccc(Cn3ccnc3)c(C(F)(F)F)c2)cc1I,C#Cc1ccc(F)cc1,Cc1ccc(C(=O)Nc2ccc(Cn3ccnc3)c(C(F)(F)F)c2)cc1C#Cc1ccc(F)cc1,1,0.9418815679465068,0,5.000099749001828,7.032443502574961
8-4,22-21,Cc1ccc(C(=O)Nc2ccc(Cn3ccnc3)c(C(F)(F)F)c2)cc1I,C#Cc1cncnc1,Cc1ccc(C(=O)Nc2ccc(Cn3ccnc3)c(C(F)(F)F)c2)cc1C#Cc1cncnc1,1,0.8969924427740583,0,6.596606395948184,7.049031978632501
8-4,22-22,Cc1ccc(C(=O)Nc2ccc(Cn3ccnc3)c(C(F)(F)F)c2)cc1I,C#Cc1cnc(Nc2ccccc2)nc1,Cc1ccc(C(=O)Nc2ccc(Cn3ccnc3)c(C(F)(F)F)c2)cc1C#Cc1cnc(Nc2ccccc2)nc1,1,0.7616413368882567,0,6.698692929655525,7.057301292050078
8-4,22-23,Cc1ccc(C(=O)Nc2ccc(Cn3ccnc3)c(C(F)(F)F)c2)cc1I,C#Cc1ccc(N)nc1,Cc1ccc(C(=O)Nc2ccc(Cn3ccnc3)c(C(F)(F)F)c2)cc1C#Cc1ccc(N)nc1,1,0.844147815437749,0,6.615556389666686,7.0621109768715655
8-4,22-24,Cc1ccc(C(=O)Nc2ccc(Cn3ccnc3)c(C(F)(F)F)c2)cc1I,C#Cc1ccccc1F,Cc1ccc(C(=O)Nc2ccc(Cn3ccnc3)c(C(F)(F)F)c2)cc1C#Cc1ccccc1F,1,0.9729074311940336,0,5.009437534434143,7.037935178362537
8-4,22-25,Cc1ccc(C(=O)Nc2ccc(Cn3ccnc3)c(C(F)(F)F)c2)cc1I,C[Si](C)(C)C#Cc1cnc2nccn2c1,Cc1ccc(C(=O)Nc2ccc(Cn3ccnc3)c(C(F)(F)F)c2)cc1C#Cc1cnc2nccn2c1,0,0.0,1,6.614490596677163,7.065469842526611
8-4,22-26,Cc1ccc(C(=O)Nc2ccc(Cn3ccnc3)c(C(F)(F)F)c2)cc1I,C[Si](C)(C)C#Cc1cncc2nc[nH]c12,Cc1ccc(C(=O)Nc2ccc(Cn3ccnc3)c(C(F)(F)F)c2)cc1C#Cc1cncc2nc[nH]c12,0,0.0,1,7.021731134608103,7.0624846016254175
8-4,22-27,Cc1ccc(C(=O)Nc2ccc(Cn3ccnc3)c(C(F)(F)F)c2)cc1I,C#Cc1cnc(C)s1,Cc1ncc(C#Cc2cc(C(=O)Nc3ccc(Cn4ccnc4)c(C(F)(F)F)c3)ccc2C)s1,0,0.0867576384489705,0,6.574823618879496,7.065828348179162
8-5,22-1,Cc1ccc(C(=O)Nc2ccccc2)cc1I,C#Cc1cnc2ccc(C(=N)OC)cn12,COC(=N)c1ccc2ncc(C#Cc3cc(C(=O)Nc4ccccc4)ccc3C)n2c1,1,1.0,1,5.0,1.0
8-5,22-2,Cc1ccc(C(=O)Nc2ccccc2)cc1I,C#Cc1cnc2ccccn12,Cc1ccc(C(=O)Nc2ccccc2)cc1C#Cc1cnc2ccccn12,1,0.9785506601259422,0,5.62047847186817,7.08810563639881
8-5,22-3,Cc1ccc(C(=O)Nc2ccccc2)cc1I,C#Cc1cnc2ccc(C(F)(F)F)cn12,Cc1ccc(C(=O)Nc2ccccc2)cc1C#Cc1cnc2ccc(C(F)(F)F)cn12,1,0.975191531722748,0,5.436496475065896,7.071278816751224
8-5,22-4,Cc1ccc(C(=O)Nc2ccccc2)cc1I,C#Cc1cnc2cccnn12,Cc1ccc(C(=O)Nc2ccccc2)cc1C#Cc1cnc2cccnn12,1,0.9420538042188311,0,5.505874394787568,7.066048931863846
8-5,22-5,Cc1ccc(C(=O)Nc2ccccc2)cc1I,C#Cc1cncc2nccn12,Cc1ccc(C(=O)Nc2ccccc2)cc1C#Cc1cncc2nccn12,1,0.9292914535489076,0,5.991600488736651,7.063433228923875
8-5,22-6,Cc1ccc(C(=O)Nc2ccccc2)cc1I,C#Cc1cnc2cnccn12,Cc1ccc(C(=O)Nc2ccccc2)cc1C#Cc1cnc2cnccn12,1,0.7422014196252514,0,6.200378726527234,7.082417173259196
8-5,22-7,Cc1ccc(C(=O)Nc2ccccc2)cc1I,C#Cc1cncn1C,Cc1ccc(C(=O)Nc2ccccc2)cc1C#Cc1cncn1C,1,0.9876988524201714,0,5.153331198725102,7.071866746552405
8-5,22-8,Cc1ccc(C(=O)Nc2ccccc2)cc1I,C#Cc1ccccn1,Cc1ccc(C(=O)Nc2ccccc2)cc1C#Cc1ccccn1,1,0.9843155436372769,0,4.878591450214541,7.046735008923226
8-5,22-9,Cc1ccc(C(=O)Nc2ccccc2)cc1I,C#Cc1cnccn1,Cc1ccc(C(=O)Nc2ccccc2)cc1C#Cc1cnccn1,0,0.04147159169441181,0,5.215095611857132,7.081209338958293
8-5,22-10,Cc1ccc(C(=O)Nc2ccccc2)cc1I,C#Cc1cnc2ccccc2n1,Cc1ccc(C(=O)Nc2ccccc2)cc1C#Cc1cnc2ccccc2n1,1,0.9876988524201714,0,5.268981119240389,7.059329265558085
8-5,22-11,Cc1ccc(C(=O)Nc2ccccc2)cc1I,C#Cc1cnc2[nH]ccc2n1,Cc1ccc(C(=O)Nc2ccccc2)cc1C#Cc1cnc2[nH]ccc2n1,1,0.9876988524201714,0,5.28744397842262,7.067864049141585
8-5,22-12,Cc1ccc(C(=O)Nc2ccccc2)cc1I,C#Cc1cnc2cccnc2c1,Cc1ccc(C(=O)Nc2ccccc2)cc1C#Cc1cnc2cccnc2c1,1,1.0,1,5.221848749616356,1.0
8-5,22-13,Cc1ccc(C(=O)Nc2ccccc2)cc1I,C#Cc1cnc2scnc2c1,Cc1ccc(C(=O)Nc2ccccc2)cc1C#Cc1cnc2scnc2c1,1,1.0,1,5.0,1.0
8-5,22-14,Cc1ccc(C(=O)Nc2ccccc2)cc1I,C#Cc1cnc2cn[nH]c2c1,Cc1ccc(C(=O)Nc2ccccc2)cc1C#Cc1cnc2cn[nH]c2c1,0,0.2175491653088375,0,5.825031393304288,7.066953482871152
8-5,22-15,Cc1ccc(C(=O)Nc2ccccc2)cc1I,C#Cc1cccnc1,Cc1ccc(C(=O)Nc2ccccc2)cc1C#Cc1cccnc1,1,0.8063742936793074,0,5.197465008476529,7.057102990482734
8-5,22-16,Cc1ccc(C(=O)Nc2ccccc2)cc1I,C#Cc1ccncc1,Cc1ccc(C(=O)Nc2ccccc2)cc1C#Cc1ccncc1,1,0.9844314589791756,0,4.961541824901934,7.042252118088433
8-5,22-17,Cc1ccc(C(=O)Nc2ccccc2)cc1I,C#Cc1ccccc1,Cc1ccc(C(=O)Nc2ccccc2)cc1C#Cc1ccccc1,1,1.0,1,5.0,1.0
8-5,22-18,Cc1ccc(C(=O)Nc2ccccc2)cc1I,C#Cc1cccc(C#N)c1,Cc1ccc(C(=O)Nc2ccccc2)cc1C#Cc1cccc(C#N)c1,1,1.0,1,5.0,1.0
8-5,22-19,Cc1ccc(C(=O)Nc2ccccc2)cc1I,C#Cc1cccc(F)c1,Cc1ccc(C(=O)Nc2ccccc2)cc1C#Cc1cccc(F)c1,1,0.9878733106601282,0,4.991482502696567,7.038596345628663
8-5,22-20,Cc1ccc(C(=O)Nc2ccccc2)cc1I,C#Cc1ccc(F)cc1,Cc1ccc(C(=O)Nc2ccccc2)cc1C#Cc1ccc(F)cc1,1,0.9876988524201714,0,4.9726002558683575,7.0479351271471185
8-5,22-21,Cc1ccc(C(=O)Nc2ccccc2)cc1I,C#Cc1cncnc1,Cc1ccc(C(=O)Nc2ccccc2)cc1C#Cc1cncnc1,1,0.9856686813705647,0,5.234578842378826,7.0519932636860245
8-5,22-22,Cc1ccc(C(=O)Nc2ccccc2)cc1I,C#Cc1cnc(Nc2ccccc2)nc1,Cc1ccc(C(=O)Nc2ccccc2)cc1C#Cc1cnc(Nc2ccccc2)nc1,0,0.0,1,5.248230725143436,7.062088865031435
8-5,22-23,Cc1ccc(C(=O)Nc2ccccc2)cc1I,C#Cc1ccc(N)nc1,Cc1ccc(C(=O)Nc2ccccc2)cc1C#Cc1ccc(N)nc1,1,0.9888585674232213,0,5.181990167669432,7.067170591153796
8-5,22-24,Cc1ccc(C(=O)Nc2ccccc2)cc1I,C#Cc1ccccc1F,Cc1ccc(C(=O)Nc2ccccc2)cc1C#Cc1ccccc1F,1,1.0,1,5.0,1.0
8-5,22-25,Cc1ccc(C(=O)Nc2ccccc2)cc1I,C[Si](C)(C)C#Cc1cnc2nccn2c1,Cc1ccc(C(=O)Nc2ccccc2)cc1C#Cc1cnc2nccn2c1,1,0.8207531415001288,0,5.288656122014556,7.062012226657206
8-5,22-26,Cc1ccc(C(=O)Nc2ccccc2)cc1I,C[Si](C)(C)C#Cc1cncc2nc[nH]c12,Cc1ccc(C(=O)Nc2ccccc2)cc1C#Cc1cncc2nc[nH]c12,1,0.9861259029374655,0,5.673407290920806,7.060767442595487
8-5,22-27,Cc1ccc(C(=O)Nc2ccccc2)cc1I,C#Cc1cnc(C)s1,Cc1ncc(C#Cc2cc(C(=O)Nc3ccccc3)ccc2C)s1,1,1.0,1,5.096910013008056,1.0
16-1,22-1,Cc1ccc(NC(=O)c2ccc(CN3CCN(C)CC3)c(C(F)(F)F)c2)cc1I,C#Cc1cnc2ccc(C(=N)OC)cn12,COC(=N)c1ccc2ncc(C#Cc3cc(NC(=O)c4ccc(CN5CCN(C)CC5)c(C(F)(F)F)c4)ccc3C)n2c1,1,0.8419795421539681,0,7.420005775411013,7.1225665243035055
16-1,22-2,Cc1ccc(NC(=O)c2ccc(CN3CCN(C)CC3)c(C(F)(F)F)c2)cc1I,C#Cc1cnc2ccccn12,Cc1ccc(NC(=O)c2ccc(CN3CCN(C)CC3)c(C(F)(F)F)c2)cc1C#Cc1cnc2ccccn12,1,1.0,1,8.045757490560675,1.0
16-1,22-3,Cc1ccc(NC(=O)c2ccc(CN3CCN(C)CC3)c(C(F)(F)F)c2)cc1I,C#Cc1cnc2ccc(C(F)(F)F)cn12,Cc1ccc(NC(=O)c2ccc(CN3CCN(C)CC3)c(C(F)(F)F)c2)cc1C#Cc1cnc2ccc(C(F)(F)F)cn12,1,1.0,1,7.619788758288394,1.0
16-1,22-4,Cc1ccc(NC(=O)c2ccc(CN3CCN(C)CC3)c(C(F)(F)F)c2)cc1I,C#Cc1cnc2cccnn12,Cc1ccc(NC(=O)c2ccc(CN3CCN(C)CC3)c(C(F)(F)F)c2)cc1C#Cc1cnc2cccnn12,1,1.0,1,7.346787486224656,1.0
16-1,22-5,Cc1ccc(NC(=O)c2ccc(CN3CCN(C)CC3)c(C(F)(F)F)c2)cc1I,C#Cc1cncc2nccn12,Cc1ccc(NC(=O)c2ccc(CN3CCN(C)CC3)c(C(F)(F)F)c2)cc1C#Cc1cncc2nccn12,0,0.0,1,9.259379983836151,7.33923345937726
16-1,22-6,Cc1ccc(NC(=O)c2ccc(CN3CCN(C)CC3)c(C(F)(F)F)c2)cc1I,C#Cc1cnc2cnccn12,Cc1ccc(NC(=O)c2ccc(CN3CCN(C)CC3)c(C(F)(F)F)c2)cc1C#Cc1cnc2cnccn12,1,1.0,1,9.0,1.0
16-1,22-7,Cc1ccc(NC(=O)c2ccc(CN3CCN(C)CC3)c(C(F)(F)F)c2)cc1I,C#Cc1cncn1C,Cc1ccc(NC(=O)c2ccc(CN3CCN(C)CC3)c(C(F)(F)F)c2)cc1C#Cc1cncn1C,1,1.0,1,7.958607314841775,1.0
16-1,22-8,Cc1ccc(NC(=O)c2ccc(CN3CCN(C)CC3)c(C(F)(F)F)c2)cc1I,C#Cc1ccccn1,Cc1ccc(NC(=O)c2ccc(CN3CCN(C)CC3)c(C(F)(F)F)c2)cc1C#Cc1ccccn1,1,0.9842781971447956,0,5.874562095810406,7.103953265421729
16-1,22-9,Cc1ccc(NC(=O)c2ccc(CN3CCN(C)CC3)c(C(F)(F)F)c2)cc1I,C#Cc1cnccn1,Cc1ccc(NC(=O)c2ccc(CN3CCN(C)CC3)c(C(F)(F)F)c2)cc1C#Cc1cnccn1,0,0.06286680371934661,0,7.296047646991991,7.128618278470865
16-1,22-10,Cc1ccc(NC(=O)c2ccc(CN3CCN(C)CC3)c(C(F)(F)F)c2)cc1I,C#Cc1cnc2ccccc2n1,Cc1ccc(NC(=O)c2ccc(CN3CCN(C)CC3)c(C(F)(F)F)c2)cc1C#Cc1cnc2ccccc2n1,1,0.9876988524201714,0,7.373149452316322,7.1340525434656215
16-1,22-11,Cc1ccc(NC(=O)c2ccc(CN3CCN(C)CC3)c(C(F)(F)F)c2)cc1I,C#Cc1cnc2[nH]ccc2n1,Cc1ccc(NC(=O)c2ccc(CN3CCN(C)CC3)c(C(F)(F)F)c2)cc1C#Cc1cnc2[nH]ccc2n1,1,0.9840750491012802,0,7.325938188035515,7.107006488464632
16-1,22-12,Cc1ccc(NC(=O)c2ccc(CN3CCN(C)CC3)c(C(F)(F)F)c2)cc1I,C#Cc1cnc2cccnc2c1,Cc1ccc(NC(=O)c2ccc(CN3CCN(C)CC3)c(C(F)(F)F)c2)cc1C#Cc1cnc2cccnc2c1,1,0.9453842173359079,0,7.29759672744246,7.136954465331602
16-1,22-13,Cc1ccc(NC(=O)c2ccc(CN3CCN(C)CC3)c(C(F)(F)F)c2)cc1I,C#Cc1cnc2scnc2c1,Cc1ccc(NC(=O)c2ccc(CN3CCN(C)CC3)c(C(F)(F)F)c2)cc1C#Cc1cnc2scnc2c1,1,0.9840750491012802,0,7.0804778718212225,7.179592689245841
16-1,22-14,Cc1ccc(NC(=O)c2ccc(CN3CCN(C)CC3)c(C(F)(F)F)c2)cc1I,C#Cc1cnc2cn[nH]c2c1,Cc1ccc(NC(=O)c2ccc(CN3CCN(C)CC3)c(C(F)(F)F)c2)cc1C#Cc1cnc2cn[nH]c2c1,0,0.0,1,7.5092453027686075,7.123083909844198
16-1,22-15,Cc1ccc(NC(=O)c2ccc(CN3CCN(C)CC3)c(C(F)(F)F)c2)cc1I,C#Cc1cccnc1,Cc1ccc(NC(=O)c2ccc(CN3CCN(C)CC3)c(C(F)(F)F)c2)cc1C#Cc1cccnc1,1,0.8175159427733314,0,7.2089528606909425,7.144183286314016
16-1,22-16,Cc1ccc(NC(=O)c2ccc(CN3CCN(C)CC3)c(C(F)(F)F)c2)cc1I,C#Cc1ccncc1,Cc1ccc(NC(=O)c2ccc(CN3CCN(C)CC3)c(C(F)(F)F)c2)cc1C#Cc1ccncc1,1,0.9664246865823124,0,5.900373730081353,7.099731620633452
16-1,22-17,Cc1ccc(NC(=O)c2ccc(CN3CCN(C)CC3)c(C(F)(F)F)c2)cc1I,C#Cc1ccccc1,Cc1ccc(NC(=O)c2ccc(CN3CCN(C)CC3)c(C(F)(F)F)c2)cc1C#Cc1ccccc1,1,0.9876988524201714,0,5.9208726634293285,7.126794771654594
16-1,22-18,Cc1ccc(NC(=O)c2ccc(CN3CCN(C)CC3)c(C(F)(F)F)c2)cc1I,C#Cc1cccc(C#N)c1,Cc1ccc(NC(=O)c2ccc(CN3CCN(C)CC3)c(C(F)(F)F)c2)cc1C#Cc1cccc(C#N)c1,1,0.66898267431585,0,5.934447857077945,7.110602331489929
16-1,22-19,Cc1ccc(NC(=O)c2ccc(CN3CCN(C)CC3)c(C(F)(F)F)c2)cc1I,C#Cc1cccc(F)c1,Cc1ccc(NC(=O)c2ccc(CN3CCN(C)CC3)c(C(F)(F)F)c2)cc1C#Cc1cccc(F)c1,1,0.9840750491012802,0,5.905133755035312,7.115520600143313
16-1,22-20,Cc1ccc(NC(=O)c2ccc(CN3CCN(C)CC3)c(C(F)(F)F)c2)cc1I,C#Cc1ccc(F)cc1,Cc1ccc(NC(=O)c2ccc(CN3CCN(C)CC3)c(C(F)(F)F)c2)cc1C#Cc1ccc(F)cc1,1,1.0,1,5.769551078621726,1.0
16-1,22-21,Cc1ccc(NC(=O)c2ccc(CN3CCN(C)CC3)c(C(F)(F)F)c2)cc1I,C#Cc1cncnc1,Cc1ccc(NC(=O)c2ccc(CN3CCN(C)CC3)c(C(F)(F)F)c2)cc1C#Cc1cncnc1,1,0.9824217149827358,0,7.296332001960221,7.131216547465242
16-1,22-22,Cc1ccc(NC(=O)c2ccc(CN3CCN(C)CC3)c(C(F)(F)F)c2)cc1I,C#Cc1cnc(Nc2ccccc2)nc1,Cc1ccc(NC(=O)c2ccc(CN3CCN(C)CC3)c(C(F)(F)F)c2)cc1C#Cc1cnc(Nc2ccccc2)nc1,1,0.8125629332195097,0,7.317565007128988,7.148477765027915
16-1,22-23,Cc1ccc(NC(=O)c2ccc(CN3CCN(C)CC3)c(C(F)(F)F)c2)cc1I,C#Cc1ccc(N)nc1,Cc1ccc(NC(=O)c2ccc(CN3CCN(C)CC3)c(C(F)(F)F)c2)cc1C#Cc1ccc(N)nc1,1,0.9855714145331566,0,7.185690303166481,7.131845423440205
16-1,22-24,Cc1ccc(NC(=O)c2ccc(CN3CCN(C)CC3)c(C(F)(F)F)c2)cc1I,C#Cc1ccccc1F,Cc1ccc(NC(=O)c2ccc(CN3CCN(C)CC3)c(C(F)(F)F)c2)cc1C#Cc1ccccc1F,1,0.9876988524201714,0,5.963567261718478,7.100432203906163
16-1,22-25,Cc1ccc(NC(=O)c2ccc(CN3CCN(C)CC3)c(C(F)(F)F)c2)cc1I,C[Si](C)(C)C#Cc1cnc2nccn2c1,Cc1ccc(NC(=O)c2ccc(CN3CCN(C)CC3)c(C(F)(F)F)c2)cc1C#Cc1cnc2nccn2c1,0,0.0,1,7.271296431454467,7.133343830974623
16-1,22-26,Cc1ccc(NC(=O)c2ccc(CN3CCN(C)CC3)c(C(F)(F)F)c2)cc1I,C[Si](C)(C)C#Cc1cncc2nc[nH]c12,Cc1ccc(NC(=O)c2ccc(CN3CCN(C)CC3)c(C(F)(F)F)c2)cc1C#Cc1cncc2nc[nH]c12,1,1.0,1,7.795880017344075,1.0
16-1,22-27,Cc1ccc(NC(=O)c2ccc(CN3CCN(C)CC3)c(C(F)(F)F)c2)cc1I,C#Cc1cnc(C)s1,Cc1ncc(C#Cc2cc(NC(=O)c3ccc(CN4CCN(C)CC4)c(C(F)(F)F)c3)ccc2C)s1,0,0.20216051324736983,0,7.277226061010096,7.164682602154363
16-2,22-1,Cc1ccc(NC(=O)c2ccc(CN3CCN(CCO)CC3)c(C(F)(F)F)c2)cc1I,C#Cc1cnc2ccc(C(=N)OC)cn12,COC(=N)c1ccc2ncc(C#Cc3cc(NC(=O)c4ccc(CN5CCN(CCO)CC5)c(C(F)(F)F)c4)ccc3C)n2c1,1,0.9391404672075737,0,7.287661151367466,7.1008799648748315
16-2,22-2,Cc1ccc(NC(=O)c2ccc(CN3CCN(CCO)CC3)c(C(F)(F)F)c2)cc1I,C#Cc1cnc2ccccn12,Cc1ccc(NC(=O)c2ccc(CN3CCN(CCO)CC3)c(C(F)(F)F)c2)cc1C#Cc1cnc2ccccn12,1,1.0,1,7.568636235841013,1.0
16-2,22-3,Cc1ccc(NC(=O)c2ccc(CN3CCN(CCO)CC3)c(C(F)(F)F)c2)cc1I,C#Cc1cnc2ccc(C(F)(F)F)cn12,Cc1ccc(NC(=O)c2ccc(CN3CCN(CCO)CC3)c(C(F)(F)F)c2)cc1C#Cc1cnc2ccc(C(F)(F)F)cn12,1,0.9649135347901645,0,7.3980118495335265,7.0983863592541585
16-2,22-4,Cc1ccc(NC(=O)c2ccc(CN3CCN(CCO)CC3)c(C(F)(F)F)c2)cc1I,C#Cc1cnc2cccnn12,Cc1ccc(NC(=O)c2ccc(CN3CCN(CCO)CC3)c(C(F)(F)F)c2)cc1C#Cc1cnc2cccnn12,1,1.0,1,7.522878745280337,1.0
16-2,22-5,Cc1ccc(NC(=O)c2ccc(CN3CCN(CCO)CC3)c(C(F)(F)F)c2)cc1I,C#Cc1cncc2nccn12,Cc1ccc(NC(=O)c2ccc(CN3CCN(CCO)CC3)c(C(F)(F)F)c2)cc1C#Cc1cncc2nccn12,1,1.0,1,8.301029995663981,1.0
16-2,22-6,Cc1ccc(NC(=O)c2ccc(CN3CCN(CCO)CC3)c(C(F)(F)F)c2)cc1I,C#Cc1cnc2cnccn12,Cc1ccc(NC(=O)c2ccc(CN3CCN(CCO)CC3)c(C(F)(F)F)c2)cc1C#Cc1cnc2cnccn12,1,1.0,1,8.698970004336019,1.0
16-2,22-7,Cc1ccc(NC(=O)c2ccc(CN3CCN(CCO)CC3)c(C(F)(F)F)c2)cc1I,C#Cc1cncn1C,Cc1ccc(NC(=O)c2ccc(CN3CCN(CCO)CC3)c(C(F)(F)F)c2)cc1C#Cc1cncn1C,1,1.0,1,7.292429823902063,1.0
16-2,22-8,Cc1ccc(NC(=O)c2ccc(CN3CCN(CCO)CC3)c(C(F)(F)F)c2)cc1I,C#Cc1ccccn1,Cc1ccc(NC(=O)c2ccc(CN3CCN(CCO)CC3)c(C(F)(F)F)c2)cc1C#Cc1ccccn1,1,1.0,1,5.221848749616356,1.0
16-2,22-9,Cc1ccc(NC(=O)c2ccc(CN3CCN(CCO)CC3)c(C(F)(F)F)c2)cc1I,C#Cc1cnccn1,Cc1ccc(NC(=O)c2ccc(CN3CCN(CCO)CC3)c(C(F)(F)F)c2)cc1C#Cc1cnccn1,0,0.06286680371934661,0,7.230879376775779,7.129755807006613
16-2,22-10,Cc1ccc(NC(=O)c2ccc(CN3CCN(CCO)CC3)c(C(F)(F)F)c2)cc1I,C#Cc1cnc2ccccc2n1,Cc1ccc(NC(=O)c2ccc(CN3CCN(CCO)CC3)c(C(F)(F)F)c2)cc1C#Cc1cnc2ccccc2n1,1,0.9876988524201714,0,7.284334790344211,7.092074486353639
16-2,22-11,Cc1ccc(NC(=O)c2ccc(CN3CCN(CCO)CC3)c(C(F)(F)F)c2)cc1I,C#Cc1cnc2[nH]ccc2n1,Cc1ccc(NC(=O)c2ccc(CN3CCN(CCO)CC3)c(C(F)(F)F)c2)cc1C#Cc1cnc2[nH]ccc2n1,1,0.9840750491012802,0,7.263844457090946,7.09826688615794
16-2,22-12,Cc1ccc(NC(=O)c2ccc(CN3CCN(CCO)CC3)c(C(F)(F)F)c2)cc1I,C#Cc1cnc2cccnc2c1,Cc1ccc(NC(=O)c2ccc(CN3CCN(CCO)CC3)c(C(F)(F)F)c2)cc1C#Cc1cnc2cccnc2c1,1,0.9453842173359079,0,7.26646608602294,7.083806266676007
16-2,22-13,Cc1ccc(NC(=O)c2ccc(CN3CCN(CCO)CC3)c(C(F)(F)F)c2)cc1I,C#Cc1cnc2scnc2c1,Cc1ccc(NC(=O)c2ccc(CN3CCN(CCO)CC3)c(C(F)(F)F)c2)cc1C#Cc1cnc2scnc2c1,1,1.0,1,7.221848749616356,1.0
16-2,22-14,Cc1ccc(NC(=O)c2ccc(CN3CCN(CCO)CC3)c(C(F)(F)F)c2)cc1I,C#Cc1cnc2cn[nH]c2c1,Cc1ccc(NC(=O)c2ccc(CN3CCN(CCO)CC3)c(C(F)(F)F)c2)cc1C#Cc1cnc2cn[nH]c2c1,0,0.17626265820048825,0,7.4932020639447074,7.086807377565919
16-2,22-15,Cc1ccc(NC(=O)c2ccc(CN3CCN(CCO)CC3)c(C(F)(F)F)c2)cc1I,C#Cc1cccnc1,Cc1ccc(NC(=O)c2ccc(CN3CCN(CCO)CC3)c(C(F)(F)F)c2)cc1C#Cc1cccnc1,1,0.8175159427733314,0,7.1957323431876095,7.091121006497062
16-2,22-16,Cc1ccc(NC(=O)c2ccc(CN3CCN(CCO)CC3)c(C(F)(F)F)c2)cc1I,C#Cc1ccncc1,Cc1ccc(NC(=O)c2ccc(CN3CCN(CCO)CC3)c(C(F)(F)F)c2)cc1C#Cc1ccncc1,1,0.9664246865823124,0,5.400174828205788,7.10498867092235
16-2,22-17,Cc1ccc(NC(=O)c2ccc(CN3CCN(CCO)CC3)c(C(F)(F)F)c2)cc1I,C#Cc1ccccc1,Cc1ccc(NC(=O)c2ccc(CN3CCN(CCO)CC3)c(C(F)(F)F)c2)cc1C#Cc1ccccc1,1,0.9876988524201714,0,5.398922714059602,7.138642949327186
16-2,22-18,Cc1ccc(NC(=O)c2ccc(CN3CCN(CCO)CC3)c(C(F)(F)F)c2)cc1I,C#Cc1cccc(C#N)c1,Cc1ccc(NC(=O)c2ccc(CN3CCN(CCO)CC3)c(C(F)(F)F)c2)cc1C#Cc1cccc(C#N)c1,0,0.0,1,5.399146095224303,7.125888979671376
16-2,22-19,Cc1ccc(NC(=O)c2ccc(CN3CCN(CCO)CC3)c(C(F)(F)F)c2)cc1I,C#Cc1cccc(F)c1,Cc1ccc(NC(=O)c2ccc(CN3CCN(CCO)CC3)c(C(F)(F)F)c2)cc1C#Cc1cccc(F)c1,1,0.9840750491012802,0,5.4366877299772876,7.098465583612748
16-2,22-20,Cc1ccc(NC(=O)c2ccc(CN3CCN(CCO)CC3)c(C(F)(F)F)c2)cc1I,C#Cc1ccc(F)cc1,Cc1ccc(NC(=O)c2ccc(CN3CCN(CCO)CC3)c(C(F)(F)F)c2)cc1C#Cc1ccc(F)cc1,1,0.9840750491012802,0,5.417467604371658,7.139009541561655
16-2,22-21,Cc1ccc(NC(=O)c2ccc(CN3CCN(CCO)CC3)c(C(F)(F)F)c2)cc1I,C#Cc1cncnc1,Cc1ccc(NC(=O)c2ccc(CN3CCN(CCO)CC3)c(C(F)(F)F)c2)cc1C#Cc1cncnc1,1,0.9824217149827358,0,7.269926126469243,7.1125478282551535
16-2,22-22,Cc1ccc(NC(=O)c2ccc(CN3CCN(CCO)CC3)c(C(F)(F)F)c2)cc1I,C#Cc1cnc(Nc2ccccc2)nc1,Cc1ccc(NC(=O)c2ccc(CN3CCN(CCO)CC3)c(C(F)(F)F)c2)cc1C#Cc1cnc(Nc2ccccc2)nc1,1,0.8125629332195097,0,7.247610667947304,7.091431868082479
16-2,22-23,Cc1ccc(NC(=O)c2ccc(CN3CCN(CCO)CC3)c(C(F)(F)F)c2)cc1I,C#Cc1ccc(N)nc1,Cc1ccc(NC(=O)c2ccc(CN3CCN(CCO)CC3)c(C(F)(F)F)c2)cc1C#Cc1ccc(N)nc1,1,0.9855714145331566,0,7.173720059414228,7.099982981000846
16-2,22-24,Cc1ccc(NC(=O)c2ccc(CN3CCN(CCO)CC3)c(C(F)(F)F)c2)cc1I,C#Cc1ccccc1F,Cc1ccc(NC(=O)c2ccc(CN3CCN(CCO)CC3)c(C(F)(F)F)c2)cc1C#Cc1ccccc1F,1,0.9876988524201714,0,5.416499485061179,7.101493209143293
16-2,22-25,Cc1ccc(NC(=O)c2ccc(CN3CCN(CCO)CC3)c(C(F)(F)F)c2)cc1I,C[Si](C)(C)C#Cc1cnc2nccn2c1,Cc1ccc(NC(=O)c2ccc(CN3CCN(CCO)CC3)c(C(F)(F)F)c2)cc1C#Cc1cnc2nccn2c1,0,0.0,1,7.307536659362432,7.102012112066114
16-2,22-26,Cc1ccc(NC(=O)c2ccc(CN3CCN(CCO)CC3)c(C(F)(F)F)c2)cc1I,C[Si](C)(C)C#Cc1cncc2nc[nH]c12,Cc1ccc(NC(=O)c2ccc(CN3CCN(CCO)CC3)c(C(F)(F)F)c2)cc1C#Cc1cncc2nc[nH]c12,1,1.0,1,7.769551078621726,1.0
16-2,22-27,Cc1ccc(NC(=O)c2ccc(CN3CCN(CCO)CC3)c(C(F)(F)F)c2)cc1I,C#Cc1cnc(C)s1,Cc1ncc(C#Cc2cc(NC(=O)c3ccc(CN4CCN(CCO)CC4)c(C(F)(F)F)c3)ccc2C)s1,0,0.20216051324736983,0,7.147176624989141,7.1135524739537725
16-3,22-1,Cc1ccc(NC(=O)c2ccc(CN3CCC(O)CC3)c(C(F)(F)F)c2)cc1I,C#Cc1cnc2ccc(C(=N)OC)cn12,COC(=N)c1ccc2ncc(C#Cc3cc(NC(=O)c4ccc(CN5CCC(O)CC5)c(C(F)(F)F)c4)ccc3C)n2c1,0,0.0,1,6.673814230616592,7.076131393480461
16-3,22-2,Cc1ccc(NC(=O)c2ccc(CN3CCC(O)CC3)c(C(F)(F)F)c2)cc1I,C#Cc1cnc2ccccn12,Cc1ccc(NC(=O)c2ccc(CN3CCC(O)CC3)c(C(F)(F)F)c2)cc1C#Cc1cnc2ccccn12,1,0.9785506601259422,0,6.929254874912629,7.086910797068016
16-3,22-3,Cc1ccc(NC(=O)c2ccc(CN3CCC(O)CC3)c(C(F)(F)F)c2)cc1I,C#Cc1cnc2ccc(C(F)(F)F)cn12,Cc1ccc(NC(=O)c2ccc(CN3CCC(O)CC3)c(C(F)(F)F)c2)cc1C#Cc1cnc2ccc(C(F)(F)F)cn12,0,0.3799074287539365,0,6.781681879450717,7.087036249112002
16-3,22-4,Cc1ccc(NC(=O)c2ccc(CN3CCC(O)CC3)c(C(F)(F)F)c2)cc1I,C#Cc1cnc2cccnn12,Cc1ccc(NC(=O)c2ccc(CN3CCC(O)CC3)c(C(F)(F)F)c2)cc1C#Cc1cnc2cccnn12,1,0.9099357791817103,0,6.841310395544681,7.09100292523697
16-3,22-5,Cc1ccc(NC(=O)c2ccc(CN3CCC(O)CC3)c(C(F)(F)F)c2)cc1I,C#Cc1cncc2nccn12,Cc1ccc(NC(=O)c2ccc(CN3CCC(O)CC3)c(C(F)(F)F)c2)cc1C#Cc1cncc2nccn12,1,1.0,1,7.337242168318426,1.0
16-3,22-6,Cc1ccc(NC(=O)c2ccc(CN3CCC(O)CC3)c(C(F)(F)F)c2)cc1I,C#Cc1cnc2cnccn12,Cc1ccc(NC(=O)c2ccc(CN3CCC(O)CC3)c(C(F)(F)F)c2)cc1C#Cc1cnc2cnccn12,0,0.0,1,7.830933140852207,7.1055320902111445
16-3,22-7,Cc1ccc(NC(=O)c2ccc(CN3CCC(O)CC3)c(C(F)(F)F)c2)cc1I,C#Cc1cncn1C,Cc1ccc(NC(=O)c2ccc(CN3CCC(O)CC3)c(C(F)(F)F)c2)cc1C#Cc1cncn1C,1,0.9840750491012802,0,6.804313428285601,7.085705572218122
16-3,22-8,Cc1ccc(NC(=O)c2ccc(CN3CCC(O)CC3)c(C(F)(F)F)c2)cc1I,C#Cc1ccccn1,Cc1ccc(NC(=O)c2ccc(CN3CCC(O)CC3)c(C(F)(F)F)c2)cc1C#Cc1ccccn1,1,0.9842781971447956,0,4.936651083497541,7.04097293667578
16-3,22-9,Cc1ccc(NC(=O)c2ccc(CN3CCC(O)CC3)c(C(F)(F)F)c2)cc1I,C#Cc1cnccn1,Cc1ccc(NC(=O)c2ccc(CN3CCC(O)CC3)c(C(F)(F)F)c2)cc1C#Cc1cnccn1,0,0.0,1,6.606186626704935,7.0787365890590275
16-3,22-10,Cc1ccc(NC(=O)c2ccc(CN3CCC(O)CC3)c(C(F)(F)F)c2)cc1I,C#Cc1cnc2ccccc2n1,Cc1ccc(NC(=O)c2ccc(CN3CCC(O)CC3)c(C(F)(F)F)c2)cc1C#Cc1cnc2ccccc2n1,1,0.9876988524201714,0,6.804488043194049,7.0660000081081344
16-3,22-11,Cc1ccc(NC(=O)c2ccc(CN3CCC(O)CC3)c(C(F)(F)F)c2)cc1I,C#Cc1cnc2[nH]ccc2n1,Cc1ccc(NC(=O)c2ccc(CN3CCC(O)CC3)c(C(F)(F)F)c2)cc1C#Cc1cnc2[nH]ccc2n1,1,1.0,1,6.657577319177793,1.0
16-3,22-12,Cc1ccc(NC(=O)c2ccc(CN3CCC(O)CC3)c(C(F)(F)F)c2)cc1I,C#Cc1cnc2cccnc2c1,Cc1ccc(NC(=O)c2ccc(CN3CCC(O)CC3)c(C(F)(F)F)c2)cc1C#Cc1cnc2cccnc2c1,1,1.0,1,6.7447274948966935,1.0
16-3,22-13,Cc1ccc(NC(=O)c2ccc(CN3CCC(O)CC3)c(C(F)(F)F)c2)cc1I,C#Cc1cnc2scnc2c1,Cc1ccc(NC(=O)c2ccc(CN3CCC(O)CC3)c(C(F)(F)F)c2)cc1C#Cc1cnc2scnc2c1,1,0.9840750491012802,0,6.5194813569073435,7.069950389176016
16-3,22-14,Cc1ccc(NC(=O)c2ccc(CN3CCC(O)CC3)c(C(F)(F)F)c2)cc1I,C#Cc1cnc2cn[nH]c2c1,Cc1ccc(NC(=O)c2ccc(CN3CCC(O)CC3)c(C(F)(F)F)c2)cc1C#Cc1cnc2cn[nH]c2c1,0,0.17626265820048825,0,7.121360824457737,7.06330781294306
16-3,22-15,Cc1ccc(NC(=O)c2ccc(CN3CCC(O)CC3)c(C(F)(F)F)c2)cc1I,C#Cc1cccnc1,Cc1ccc(NC(=O)c2ccc(CN3CCC(O)CC3)c(C(F)(F)F)c2)cc1C#Cc1cccnc1,1,0.6607801748243035,0,6.5864451552476195,7.0731299356306705
16-3,22-16,Cc1ccc(NC(=O)c2ccc(CN3CCC(O)CC3)c(C(F)(F)F)c2)cc1I,C#Cc1ccncc1,Cc1ccc(NC(=O)c2ccc(CN3CCC(O)CC3)c(C(F)(F)F)c2)cc1C#Cc1ccncc1,1,0.9664246865823124,0,5.008425254532741,7.038905076617535
16-3,22-17,Cc1ccc(NC(=O)c2ccc(CN3CCC(O)CC3)c(C(F)(F)F)c2)cc1I,C#Cc1ccccc1,Cc1ccc(NC(=O)c2ccc(CN3CCC(O)CC3)c(C(F)(F)F)c2)cc1C#Cc1ccccc1,1,0.9876988524201714,0,5.008989113186417,7.026590349531224
16-3,22-18,Cc1ccc(NC(=O)c2ccc(CN3CCC(O)CC3)c(C(F)(F)F)c2)cc1I,C#Cc1cccc(C#N)c1,Cc1ccc(NC(=O)c2ccc(CN3CCC(O)CC3)c(C(F)(F)F)c2)cc1C#Cc1cccc(C#N)c1,1,0.66898267431585,0,5.023019143330813,7.036474017214626
16-3,22-19,Cc1ccc(NC(=O)c2ccc(CN3CCC(O)CC3)c(C(F)(F)F)c2)cc1I,C#Cc1cccc(F)c1,Cc1ccc(NC(=O)c2ccc(CN3CCC(O)CC3)c(C(F)(F)F)c2)cc1C#Cc1cccc(F)c1,1,0.9840750491012802,0,5.016545072227687,7.035669943263851
16-3,22-20,Cc1ccc(NC(=O)c2ccc(CN3CCC(O)CC3)c(C(F)(F)F)c2)cc1I,C#Cc1ccc(F)cc1,Cc1ccc(NC(=O)c2ccc(CN3CCC(O)CC3)c(C(F)(F)F)c2)cc1C#Cc1ccc(F)cc1,1,1.0,1,5.0,1.0
16-3,22-21,Cc1ccc(NC(=O)c2ccc(CN3CCC(O)CC3)c(C(F)(F)F)c2)cc1I,C#Cc1cncnc1,Cc1ccc(NC(=O)c2ccc(CN3CCC(O)CC3)c(C(F)(F)F)c2)cc1C#Cc1cncnc1,1,0.9824217149827358,0,6.574290927738818,7.068671378935807
16-3,22-22,Cc1ccc(NC(=O)c2ccc(CN3CCC(O)CC3)c(C(F)(F)F)c2)cc1I,C#Cc1cnc(Nc2ccccc2)nc1,Cc1ccc(NC(=O)c2ccc(CN3CCC(O)CC3)c(C(F)(F)F)c2)cc1C#Cc1cnc(Nc2ccccc2)nc1,1,0.6533767590719417,0,6.69188310301107,7.074262902272744
16-3,22-23,Cc1ccc(NC(=O)c2ccc(CN3CCC(O)CC3)c(C(F)(F)F)c2)cc1I,C#Cc1ccc(N)nc1,Cc1ccc(NC(=O)c2ccc(CN3CCC(O)CC3)c(C(F)(F)F)c2)cc1C#Cc1ccc(N)nc1,1,0.9855714145331566,0,6.6304334610703854,7.100196578044953
16-3,22-24,Cc1ccc(NC(=O)c2ccc(CN3CCC(O)CC3)c(C(F)(F)F)c2)cc1I,C#Cc1ccccc1F,Cc1ccc(NC(=O)c2ccc(CN3CCC(O)CC3)c(C(F)(F)F)c2)cc1C#Cc1ccccc1F,1,1.0,1,5.0,1.0
16-3,22-25,Cc1ccc(NC(=O)c2ccc(CN3CCC(O)CC3)c(C(F)(F)F)c2)cc1I,C[Si](C)(C)C#Cc1cnc2nccn2c1,Cc1ccc(NC(=O)c2ccc(CN3CCC(O)CC3)c(C(F)(F)F)c2)cc1C#Cc1cnc2nccn2c1,0,0.01826615950582424,0,6.584203532590825,7.093689778940136
16-3,22-26,Cc1ccc(NC(=O)c2ccc(CN3CCC(O)CC3)c(C(F)(F)F)c2)cc1I,C[Si](C)(C)C#Cc1cncc2nc[nH]c12,Cc1ccc(NC(=O)c2ccc(CN3CCC(O)CC3)c(C(F)(F)F)c2)cc1C#Cc1cncc2nc[nH]c12,1,0.9840750491012802,0,6.9449459103925495,7.056103694329857
16-3,22-27,Cc1ccc(NC(=O)c2ccc(CN3CCC(O)CC3)c(C(F)(F)F)c2)cc1I,C#Cc1cnc(C)s1,Cc1ncc(C#Cc2cc(NC(=O)c3ccc(CN4CCC(O)CC4)c(C(F)(F)F)c3)ccc2C)s1,0,0.19955954020727665,0,6.557953160792932,7.093493126124605
16-4,22-1,Cc1ccc(NC(=O)c2ccc(Cn3ccnc3)c(C(F)(F)F)c2)cc1I,C#Cc1cnc2ccc(C(=N)OC)cn12,COC(=N)c1ccc2ncc(C#Cc3cc(NC(=O)c4ccc(Cn5ccnc5)c(C(F)(F)F)c4)ccc3C)n2c1,0,0.0,1,6.773387331673886,7.061073676110683
16-4,22-2,Cc1ccc(NC(=O)c2ccc(Cn3ccnc3)c(C(F)(F)F)c2)cc1I,C#Cc1cnc2ccccn12,Cc1ccc(NC(=O)c2ccc(Cn3ccnc3)c(C(F)(F)F)c2)cc1C#Cc1cnc2ccccn12,1,0.9246117087141387,0,7.143567241297928,7.054706796113953
16-4,22-3,Cc1ccc(NC(=O)c2ccc(Cn3ccnc3)c(C(F)(F)F)c2)cc1I,C#Cc1cnc2ccc(C(F)(F)F)cn12,Cc1ccc(NC(=O)c2ccc(Cn3ccnc3)c(C(F)(F)F)c2)cc1C#Cc1cnc2ccc(C(F)(F)F)cn12,0,0.18484648015985114,0,6.8646370410982485,7.0611868456251194
16-4,22-4,Cc1ccc(NC(=O)c2ccc(Cn3ccnc3)c(C(F)(F)F)c2)cc1I,C#Cc1cnc2cccnn12,Cc1ccc(NC(=O)c2ccc(Cn3ccnc3)c(C(F)(F)F)c2)cc1C#Cc1cnc2cccnn12,1,0.8500113063425211,0,6.889793545734591,7.0686111323453975
16-4,22-5,Cc1ccc(NC(=O)c2ccc(Cn3ccnc3)c(C(F)(F)F)c2)cc1I,C#Cc1cncc2nccn12,Cc1ccc(NC(=O)c2ccc(Cn3ccnc3)c(C(F)(F)F)c2)cc1C#Cc1cncc2nccn12,1,1.0,1,7.795880017344075,1.0
16-4,22-6,Cc1ccc(NC(=O)c2ccc(Cn3ccnc3)c(C(F)(F)F)c2)cc1I,C#Cc1cnc2cnccn12,Cc1ccc(NC(=O)c2ccc(Cn3ccnc3)c(C(F)(F)F)c2)cc1C#Cc1cnc2cnccn12,1,1.0,1,8.154901959985743,1.0
16-4,22-7,Cc1ccc(NC(=O)c2ccc(Cn3ccnc3)c(C(F)(F)F)c2)cc1I,C#Cc1cncn1C,Cc1ccc(NC(=O)c2ccc(Cn3ccnc3)c(C(F)(F)F)c2)cc1C#Cc1cncn1C,1,0.9066251645896627,0,6.895409174254598,7.059122785304889
16-4,22-8,Cc1ccc(NC(=O)c2ccc(Cn3ccnc3)c(C(F)(F)F)c2)cc1I,C#Cc1ccccn1,Cc1ccc(NC(=O)c2ccc(Cn3ccnc3)c(C(F)(F)F)c2)cc1C#Cc1ccccn1,1,0.9729074311940336,0,4.978183714717293,7.041704374987137
16-4,22-9,Cc1ccc(NC(=O)c2ccc(Cn3ccnc3)c(C(F)(F)F)c2)cc1I,C#Cc1cnccn1,Cc1ccc(NC(=O)c2ccc(Cn3ccnc3)c(C(F)(F)F)c2)cc1C#Cc1cnccn1,0,0.06286680371934661,0,6.624360341204158,7.046710726852905
16-4,22-10,Cc1ccc(NC(=O)c2ccc(Cn3ccnc3)c(C(F)(F)F)c2)cc1I,C#Cc1cnc2ccccc2n1,Cc1ccc(NC(=O)c2ccc(Cn3ccnc3)c(C(F)(F)F)c2)cc1C#Cc1cnc2ccccc2n1,1,1.0,1,6.886056647693163,1.0
16-4,22-11,Cc1ccc(NC(=O)c2ccc(Cn3ccnc3)c(C(F)(F)F)c2)cc1I,C#Cc1cnc2[nH]ccc2n1,Cc1ccc(NC(=O)c2ccc(Cn3ccnc3)c(C(F)(F)F)c2)cc1C#Cc1cnc2[nH]ccc2n1,1,0.9066251645896627,0,6.672124170100374,7.050597015077248
16-4,22-12,Cc1ccc(NC(=O)c2ccc(Cn3ccnc3)c(C(F)(F)F)c2)cc1I,C#Cc1cnc2cccnc2c1,Cc1ccc(NC(=O)c2ccc(Cn3ccnc3)c(C(F)(F)F)c2)cc1C#Cc1cnc2cccnc2c1,1,0.9066251645896627,0,6.710875806071252,7.0605870378847415
16-4,22-13,Cc1ccc(NC(=O)c2ccc(Cn3ccnc3)c(C(F)(F)F)c2)cc1I,C#Cc1cnc2scnc2c1,Cc1ccc(NC(=O)c2ccc(Cn3ccnc3)c(C(F)(F)F)c2)cc1C#Cc1cnc2scnc2c1,1,0.9066251645896627,0,6.55583760837068,7.057889654290841
16-4,22-14,Cc1ccc(NC(=O)c2ccc(Cn3ccnc3)c(C(F)(F)F)c2)cc1I,C#Cc1cnc2cn[nH]c2c1,Cc1ccc(NC(=O)c2ccc(Cn3ccnc3)c(C(F)(F)F)c2)cc1C#Cc1cnc2cn[nH]c2c1,0,0.07338263370582111,0,7.1291668111836906,7.050121447672139
16-4,22-15,Cc1ccc(NC(=O)c2ccc(Cn3ccnc3)c(C(F)(F)F)c2)cc1I,C#Cc1cccnc1,Cc1ccc(NC(=O)c2ccc(Cn3ccnc3)c(C(F)(F)F)c2)cc1C#Cc1cccnc1,1,0.7438076278121463,0,6.5905690925226175,7.053281936305333
16-4,22-16,Cc1ccc(NC(=O)c2ccc(Cn3ccnc3)c(C(F)(F)F)c2)cc1I,C#Cc1ccncc1,Cc1ccc(NC(=O)c2ccc(Cn3ccnc3)c(C(F)(F)F)c2)cc1C#Cc1ccncc1,1,1.0,1,5.0,1.0
16-4,22-17,Cc1ccc(NC(=O)c2ccc(Cn3ccnc3)c(C(F)(F)F)c2)cc1I,C#Cc1ccccc1,Cc1ccc(NC(=O)c2ccc(Cn3ccnc3)c(C(F)(F)F)c2)cc1C#Cc1ccccc1,1,0.9729074311940336,0,5.021235383606546,7.032917726730846
16-4,22-18,Cc1ccc(NC(=O)c2ccc(Cn3ccnc3)c(C(F)(F)F)c2)cc1I,C#Cc1cccc(C#N)c1,Cc1ccc(NC(=O)c2ccc(Cn3ccnc3)c(C(F)(F)F)c2)cc1C#Cc1cccc(C#N)c1,1,0.6709058149845379,0,5.030258887532627,7.036610990134811
16-4,22-19,Cc1ccc(NC(=O)c2ccc(Cn3ccnc3)c(C(F)(F)F)c2)cc1I,C#Cc1cccc(F)c1,Cc1ccc(NC(=O)c2ccc(Cn3ccnc3)c(C(F)(F)F)c2)cc1C#Cc1cccc(F)c1,1,0.9421226590384888,0,5.0163086541366315,7.0334721683901416
16-4,22-20,Cc1ccc(NC(=O)c2ccc(Cn3ccnc3)c(C(F)(F)F)c2)cc1I,C#Cc1ccc(F)cc1,Cc1ccc(NC(=O)c2ccc(Cn3ccnc3)c(C(F)(F)F)c2)cc1C#Cc1ccc(F)cc1,1,0.9418815679465068,0,5.017641807085578,7.03577253418646
16-4,22-21,Cc1ccc(NC(=O)c2ccc(Cn3ccnc3)c(C(F)(F)F)c2)cc1I,C#Cc1cncnc1,Cc1ccc(NC(=O)c2ccc(Cn3ccnc3)c(C(F)(F)F)c2)cc1C#Cc1cncnc1,1,1.0,1,6.638272163982407,1.0
16-4,22-22,Cc1ccc(NC(=O)c2ccc(Cn3ccnc3)c(C(F)(F)F)c2)cc1I,C#Cc1cnc(Nc2ccccc2)nc1,Cc1ccc(NC(=O)c2ccc(Cn3ccnc3)c(C(F)(F)F)c2)cc1C#Cc1cnc(Nc2ccccc2)nc1,1,1.0,1,6.638272163982407,1.0
16-4,22-23,Cc1ccc(NC(=O)c2ccc(Cn3ccnc3)c(C(F)(F)F)c2)cc1I,C#Cc1ccc(N)nc1,Cc1ccc(NC(=O)c2ccc(Cn3ccnc3)c(C(F)(F)F)c2)cc1C#Cc1ccc(N)nc1,1,0.8579396421049864,0,6.6296153956730635,7.074499628314658
16-4,22-24,Cc1ccc(NC(=O)c2ccc(Cn3ccnc3)c(C(F)(F)F)c2)cc1I,C#Cc1ccccc1F,Cc1ccc(NC(=O)c2ccc(Cn3ccnc3)c(C(F)(F)F)c2)cc1C#Cc1ccccc1F,1,0.9729074311940336,0,5.030409435679251,7.036006426165389
16-4,22-25,Cc1ccc(NC(=O)c2ccc(Cn3ccnc3)c(C(F)(F)F)c2)cc1I,C[Si](C)(C)C#Cc1cnc2nccn2c1,Cc1ccc(NC(=O)c2ccc(Cn3ccnc3)c(C(F)(F)F)c2)cc1C#Cc1cnc2nccn2c1,0,0.01826615950582424,0,6.620671420384377,7.052592741779197
16-4,22-26,Cc1ccc(NC(=O)c2ccc(Cn3ccnc3)c(C(F)(F)F)c2)cc1I,C[Si](C)(C)C#Cc1cncc2nc[nH]c12,Cc1ccc(NC(=O)c2ccc(Cn3ccnc3)c(C(F)(F)F)c2)cc1C#Cc1cncc2nc[nH]c12,1,0.6587948607983343,0,6.964595692504986,7.053923705841275
16-4,22-27,Cc1ccc(NC(=O)c2ccc(Cn3ccnc3)c(C(F)(F)F)c2)cc1I,C#Cc1cnc(C)s1,Cc1ncc(C#Cc2cc(NC(=O)c3ccc(Cn4ccnc4)c(C(F)(F)F)c3)ccc2C)s1,0,0.0,1,6.591353156984504,7.07028749893226
19,22-1,CN1CCN(Cc2ccc(NC(=O)Nc3cc(Br)n(C)n3)cc2C(F)(F)F)CC1,C#Cc1cnc2ccc(C(=N)OC)cn12,COC(=N)c1ccc2ncc(C#Cc3cc(NC(=O)Nc4ccc(CN5CCN(C)CC5)c(C(F)(F)F)c4)nn3C)n2c1,1,0.5933039602725395,0,5.737016067745871,7.096425838794047
19,22-2,CN1CCN(Cc2ccc(NC(=O)Nc3cc(Br)n(C)n3)cc2C(F)(F)F)CC1,C#Cc1cnc2ccccn12,CN1CCN(Cc2ccc(NC(=O)Nc3cc(C#Cc4cnc5ccccn45)n(C)n3)cc2C(F)(F)F)CC1,1,1.0,1,5.522878745280337,1.0
19,22-3,CN1CCN(Cc2ccc(NC(=O)Nc3cc(Br)n(C)n3)cc2C(F)(F)F)CC1,C#Cc1cnc2ccc(C(F)(F)F)cn12,CN1CCN(Cc2ccc(NC(=O)Nc3cc(C#Cc4cnc5ccc(C(F)(F)F)cn45)n(C)n3)cc2C(F)(F)F)CC1,1,0.6831037311965219,0,5.835478204596625,7.125585975213797
19,22-4,CN1CCN(Cc2ccc(NC(=O)Nc3cc(Br)n(C)n3)cc2C(F)(F)F)CC1,C#Cc1cnc2cccnn12,CN1CCN(Cc2ccc(NC(=O)Nc3cc(C#Cc4cnc5cccnn45)n(C)n3)cc2C(F)(F)F)CC1,1,1.0,1,7.568636235841013,1.0
19,22-5,CN1CCN(Cc2ccc(NC(=O)Nc3cc(Br)n(C)n3)cc2C(F)(F)F)CC1,C#Cc1cncc2nccn12,CN1CCN(Cc2ccc(NC(=O)Nc3cc(C#Cc4cncc5nccn45)n(C)n3)cc2C(F)(F)F)CC1,1,1.0,1,8.698970004336019,1.0
19,22-6,CN1CCN(Cc2ccc(NC(=O)Nc3cc(Br)n(C)n3)cc2C(F)(F)F)CC1,C#Cc1cnc2cnccn12,CN1CCN(Cc2ccc(NC(=O)Nc3cc(C#Cc4cnc5cnccn45)n(C)n3)cc2C(F)(F)F)CC1,1,1.0,1,9.397940008672037,1.0
19,22-7,CN1CCN(Cc2ccc(NC(=O)Nc3cc(Br)n(C)n3)cc2C(F)(F)F)CC1,C#Cc1cncn1C,CN1CCN(Cc2ccc(NC(=O)Nc3cc(C#Cc4cncn4C)n(C)n3)cc2C(F)(F)F)CC1,1,1.0,1,7.42021640338319,1.0
19,22-8,CN1CCN(Cc2ccc(NC(=O)Nc3cc(Br)n(C)n3)cc2C(F)(F)F)CC1,C#Cc1ccccn1,CN1CCN(Cc2ccc(NC(=O)Nc3cc(C#Cc4ccccn4)n(C)n3)cc2C(F)(F)F)CC1,1,0.9857748809005294,0,7.2052783530932905,7.051387125358901
19,22-9,CN1CCN(Cc2ccc(NC(=O)Nc3cc(Br)n(C)n3)cc2C(F)(F)F)CC1,C#Cc1cnccn1,CN1CCN(Cc2ccc(NC(=O)Nc3cc(C#Cc4cnccn4)n(C)n3)cc2C(F)(F)F)CC1,0,0.0,1,7.623206214745923,7.072351393357155
19,22-10,CN1CCN(Cc2ccc(NC(=O)Nc3cc(Br)n(C)n3)cc2C(F)(F)F)CC1,C#Cc1cnc2ccccc2n1,CN1CCN(Cc2ccc(NC(=O)Nc3cc(C#Cc4cnc5ccccc5n4)n(C)n3)cc2C(F)(F)F)CC1,1,1.0,1,7.638272163982407,1.0
19,22-11,CN1CCN(Cc2ccc(NC(=O)Nc3cc(Br)n(C)n3)cc2C(F)(F)F)CC1,C#Cc1cnc2[nH]ccc2n1,CN1CCN(Cc2ccc(NC(=O)Nc3cc(C#Cc4cnc5[nH]ccc5n4)n(C)n3)cc2C(F)(F)F)CC1,1,1.0,1,8.045757490560675,1.0
19,22-12,CN1CCN(Cc2ccc(NC(=O)Nc3cc(Br)n(C)n3)cc2C(F)(F)F)CC1,C#Cc1cnc2cccnc2c1,CN1CCN(Cc2ccc(NC(=O)Nc3cc(C#Cc4cnc5cccnc5c4)n(C)n3)cc2C(F)(F)F)CC1,1,0.9503326226610654,0,7.495568434559601,7.063106888988773
19,22-13,CN1CCN(Cc2ccc(NC(=O)Nc3cc(Br)n(C)n3)cc2C(F)(F)F)CC1,C#Cc1cnc2scnc2c1,CN1CCN(Cc2ccc(NC(=O)Nc3cc(C#Cc4cnc5scnc5c4)n(C)n3)cc2C(F)(F)F)CC1,1,1.0,1,6.958607314841775,1.0
19,22-14,CN1CCN(Cc2ccc(NC(=O)Nc3cc(Br)n(C)n3)cc2C(F)(F)F)CC1,C#Cc1cnc2cn[nH]c2c1,CN1CCN(Cc2ccc(NC(=O)Nc3cc(C#Cc4cnc5cn[nH]c5c4)n(C)n3)cc2C(F)(F)F)CC1,1,1.0,1,8.221848749616356,1.0
19,22-15,CN1CCN(Cc2ccc(NC(=O)Nc3cc(Br)n(C)n3)cc2C(F)(F)F)CC1,C#Cc1cccnc1,CN1CCN(Cc2ccc(NC(=O)Nc3cc(C#Cc4cccnc4)n(C)n3)cc2C(F)(F)F)CC1,1,1.0,1,7.481486060122112,1.0
19,22-16,CN1CCN(Cc2ccc(NC(=O)Nc3cc(Br)n(C)n3)cc2C(F)(F)F)CC1,C#Cc1ccncc1,CN1CCN(Cc2ccc(NC(=O)Nc3cc(C#Cc4ccncc4)n(C)n3)cc2C(F)(F)F)CC1,1,0.9695281882414025,0,7.303720152198237,7.06189144323982
19,22-17,CN1CCN(Cc2ccc(NC(=O)Nc3cc(Br)n(C)n3)cc2C(F)(F)F)CC1,C#Cc1ccccc1,CN1CCN(Cc2ccc(NC(=O)Nc3cc(C#Cc4ccccc4)n(C)n3)cc2C(F)(F)F)CC1,1,0.9888585674232213,0,7.170710118101356,7.059996156001568
19,22-18,CN1CCN(Cc2ccc(NC(=O)Nc3cc(Br)n(C)n3)cc2C(F)(F)F)CC1,C#Cc1cccc(C#N)c1,CN1CCN(Cc2ccc(NC(=O)Nc3cc(C#Cc4cccc(C#N)c4)n(C)n3)cc2C(F)(F)F)CC1,1,0.7251967342903392,0,7.202787594335185,7.05308403605186
19,22-19,CN1CCN(Cc2ccc(NC(=O)Nc3cc(Br)n(C)n3)cc2C(F)(F)F)CC1,C#Cc1cccc(F)c1,CN1CCN(Cc2ccc(NC(=O)Nc3cc(C#Cc4cccc(F)c4)n(C)n3)cc2C(F)(F)F)CC1,1,0.9855714145331566,0,7.234018740376882,7.051716005986699
19,22-20,CN1CCN(Cc2ccc(NC(=O)Nc3cc(Br)n(C)n3)cc2C(F)(F)F)CC1,C#Cc1ccc(F)cc1,CN1CCN(Cc2ccc(NC(=O)Nc3cc(C#Cc4ccc(F)cc4)n(C)n3)cc2C(F)(F)F)CC1,1,1.0,1,7.376750709602099,1.0
19,22-21,CN1CCN(Cc2ccc(NC(=O)Nc3cc(Br)n(C)n3)cc2C(F)(F)F)CC1,C#Cc1cncnc1,CN1CCN(Cc2ccc(NC(=O)Nc3cc(C#Cc4cncnc4)n(C)n3)cc2C(F)(F)F)CC1,1,1.0,1,8.154901959985743,1.0
19,22-22,CN1CCN(Cc2ccc(NC(=O)Nc3cc(Br)n(C)n3)cc2C(F)(F)F)CC1,C#Cc1cnc(Nc2ccccc2)nc1,CN1CCN(Cc2ccc(NC(=O)Nc3cc(C#Cc4cnc(Nc5ccccc5)nc4)n(C)n3)cc2C(F)(F)F)CC1,1,0.8059424282266837,0,7.762365584465234,7.084656762767194
19,22-23,CN1CCN(Cc2ccc(NC(=O)Nc3cc(Br)n(C)n3)cc2C(F)(F)F)CC1,C#Cc1ccc(N)nc1,CN1CCN(Cc2ccc(NC(=O)Nc3cc(C#Cc4ccc(N)nc4)n(C)n3)cc2C(F)(F)F)CC1,1,0.9855714145331566,0,7.493321473847263,7.067723661744325
19,22-24,CN1CCN(Cc2ccc(NC(=O)Nc3cc(Br)n(C)n3)cc2C(F)(F)F)CC1,C#Cc1ccccc1F,CN1CCN(Cc2ccc(NC(=O)Nc3cc(C#Cc4ccccc4F)n(C)n3)cc2C(F)(F)F)CC1,1,0.9888585674232213,0,7.109971639416722,7.062333579633926
19,22-25,CN1CCN(Cc2ccc(NC(=O)Nc3cc(Br)n(C)n3)cc2C(F)(F)F)CC1,C[Si](C)(C)C#Cc1cnc2nccn2c1,CN1CCN(Cc2ccc(NC(=O)Nc3cc(C#Cc4cnc5nccn5c4)n(C)n3)cc2C(F)(F)F)CC1,0,0.0,1,7.683009556776932,7.071300833853806
19,22-26,CN1CCN(Cc2ccc(NC(=O)Nc3cc(Br)n(C)n3)cc2C(F)(F)F)CC1,C[Si](C)(C)C#Cc1cncc2nc[nH]c12,CN1CCN(Cc2ccc(NC(=O)Nc3cc(C#Cc4cncc5nc[nH]c45)n(C)n3)cc2C(F)(F)F)CC1,1,1.0,1,8.522878745280337,1.0
19,22-27,CN1CCN(Cc2ccc(NC(=O)Nc3cc(Br)n(C)n3)cc2C(F)(F)F)CC1,C#Cc1cnc(C)s1,Cc1ncc(C#Cc2cc(NC(=O)Nc3ccc(CN4CCN(C)CC4)c(C(F)(F)F)c3)nn2C)s1,0,0.0,1,7.527763951771799,7.077819981573905
