template_name,alkyne_name,template_smi,alkyne_smi,molecule_smi,synthesis_success,synthesis_success_prob,is_experiment_x,abl1_pIC50,abl1_pIC50_std,kit_pIC50,pdgf_pIC50
8-1,22-1,Cc1ccc(C(=O)Nc2ccc(CN3CCN(C)CC3)c(C(F)(F)F)c2)cc1I,C#Cc1cnc2ccc(C(=N)OC)cn12,COC(=N)c1ccc2ncc(C#Cc3cc(C(=O)Nc4ccc(CN5CCN(C)CC5)c(C(F)(F)F)c4)ccc3C)n2c1,1,0.5360461387167744,0,7.390089465233937,7.156327724810335,7.5598469526488,7.953599356260181
8-1,22-2,Cc1ccc(C(=O)Nc2ccc(CN3CCN(C)CC3)c(C(F)(F)F)c2)cc1I,C#Cc1cnc2ccccn12,Cc1ccc(C(=O)Nc2ccc(CN3CCN(C)CC3)c(C(F)(F)F)c2)cc1C#Cc1cnc2ccccn12,1,1.0,1,8.045757490560675,1.0,7.617656539444525,7.895027039385306
8-1,22-3,Cc1ccc(C(=O)Nc2ccc(CN3CCN(C)CC3)c(C(F)(F)F)c2)cc1I,C#Cc1cnc2ccc(C(F)(F)F)cn12,Cc1ccc(C(=O)Nc2ccc(CN3CCN(C)CC3)c(C(F)(F)F)c2)cc1C#Cc1cnc2ccc(C(F)(F)F)cn12,0,0.0,1,7.515735100290019,7.1529914438132645,7.53207441340547,7.809318794101261
8-1,22-4,Cc1ccc(C(=O)Nc2ccc(CN3CCN(C)CC3)c(C(F)(F)F)c2)cc1I,C#Cc1cnc2cccnn12,Cc1ccc(C(=O)Nc2ccc(CN3CCN(C)CC3)c(C(F)(F)F)c2)cc1C#Cc1cnc2cccnn12,1,1.0,1,8.065501548756432,1.0,7.654377527449268,7.8156235954152
8-1,22-5,Cc1ccc(C(=O)Nc2ccc(CN3CCN(C)CC3)c(C(F)(F)F)c2)cc1I,C#Cc1cncc2nccn12,Cc1ccc(C(=O)Nc2ccc(CN3CCN(C)CC3)c(C(F)(F)F)c2)cc1C#Cc1cncc2nccn12,1,1.0,1,9.69897000433602,1.0,7.306832503035309,7.39517470303611
8-1,22-6,Cc1ccc(C(=O)Nc2ccc(CN3CCN(C)CC3)c(C(F)(F)F)c2)cc1I,C#Cc1cnc2cnccn12,Cc1ccc(C(=O)Nc2ccc(CN3CCN(C)CC3)c(C(F)(F)F)c2)cc1C#Cc1cnc2cnccn12,1,1.0,1,8.638272163982407,1.0,7.247813710698301,7.504765668975598
8-1,22-7,Cc1ccc(C(=O)Nc2ccc(CN3CCN(C)CC3)c(C(F)(F)F)c2)cc1I,C#Cc1cncn1C,Cc1ccc(C(=O)Nc2ccc(CN3CCN(C)CC3)c(C(F)(F)F)c2)cc1C#Cc1cncn1C,1,1.0,1,7.045757490560675,1.0,7.535330668336956,8.023912113426778
8-1,22-8,Cc1ccc(C(=O)Nc2ccc(CN3CCN(C)CC3)c(C(F)(F)F)c2)cc1I,C#Cc1ccccn1,Cc1ccc(C(=O)Nc2ccc(CN3CCN(C)CC3)c(C(F)(F)F)c2)cc1C#Cc1ccccn1,1,0.9842781971447956,0,5.907613298855183,7.073579969507444,7.446674833156101,7.324706068943311
8-1,22-9,Cc1ccc(C(=O)Nc2ccc(CN3CCN(C)CC3)c(C(F)(F)F)c2)cc1I,C#Cc1cnccn1,Cc1ccc(C(=O)Nc2ccc(CN3CCN(C)CC3)c(C(F)(F)F)c2)cc1C#Cc1cnccn1,0,0.0628668037193466,0,7.250820757052067,7.137658028068024,7.211549835306256,7.598830799442229
8-1,22-10,Cc1ccc(C(=O)Nc2ccc(CN3CCN(C)CC3)c(C(F)(F)F)c2)cc1I,C#Cc1cnc2ccccc2n1,Cc1ccc(C(=O)Nc2ccc(CN3CCN(C)CC3)c(C(F)(F)F)c2)cc1C#Cc1cnc2ccccc2n1,1,0.9876988524201714,0,7.241945994198421,7.161732509396147,7.458354628639546,7.535382411674479
8-1,22-11,Cc1ccc(C(=O)Nc2ccc(CN3CCN(C)CC3)c(C(F)(F)F)c2)cc1I,C#Cc1cnc2[nH]ccc2n1,Cc1ccc(C(=O)Nc2ccc(CN3CCN(C)CC3)c(C(F)(F)F)c2)cc1C#Cc1cnc2[nH]ccc2n1,1,0.9840750491012802,0,7.265728410270801,7.137727502799871,7.595176973086697,7.335973170939089
8-1,22-12,Cc1ccc(C(=O)Nc2ccc(CN3CCN(C)CC3)c(C(F)(F)F)c2)cc1I,C#Cc1cnc2cccnc2c1,Cc1ccc(C(=O)Nc2ccc(CN3CCN(C)CC3)c(C(F)(F)F)c2)cc1C#Cc1cnc2cccnc2c1,1,0.945384217335908,0,7.187452562052926,7.160620485344561,7.2277754983365,7.862677062502549
8-1,22-13,Cc1ccc(C(=O)Nc2ccc(CN3CCN(C)CC3)c(C(F)(F)F)c2)cc1I,C#Cc1cnc2scnc2c1,Cc1ccc(C(=O)Nc2ccc(CN3CCN(C)CC3)c(C(F)(F)F)c2)cc1C#Cc1cnc2scnc2c1,1,0.9840750491012802,0,7.052106052930368,7.199058376311378,6.773086368921022,7.207108574544281
8-1,22-14,Cc1ccc(C(=O)Nc2ccc(CN3CCN(C)CC3)c(C(F)(F)F)c2)cc1I,C#Cc1cnc2cn[nH]c2c1,Cc1ccc(C(=O)Nc2ccc(CN3CCN(C)CC3)c(C(F)(F)F)c2)cc1C#Cc1cnc2cn[nH]c2c1,0,0.0,1,7.409050952218686,7.155503587269626,7.481273601665991,7.952159904961957
8-1,22-15,Cc1ccc(C(=O)Nc2ccc(CN3CCN(C)CC3)c(C(F)(F)F)c2)cc1I,C#Cc1cccnc1,Cc1ccc(C(=O)Nc2ccc(CN3CCN(C)CC3)c(C(F)(F)F)c2)cc1C#Cc1cccnc1,1,0.8175159427733314,0,7.165380102110916,7.1501715648533,7.376438309912586,7.853222637161696
8-1,22-16,Cc1ccc(C(=O)Nc2ccc(CN3CCN(C)CC3)c(C(F)(F)F)c2)cc1I,C#Cc1ccncc1,Cc1ccc(C(=O)Nc2ccc(CN3CCN(C)CC3)c(C(F)(F)F)c2)cc1C#Cc1ccncc1,1,0.9664246865823124,0,5.9036544181986095,7.112680995627078,6.978762805839309,7.492687019717327
8-1,22-17,Cc1ccc(C(=O)Nc2ccc(CN3CCN(C)CC3)c(C(F)(F)F)c2)cc1I,C#Cc1ccccc1,Cc1ccc(C(=O)Nc2ccc(CN3CCN(C)CC3)c(C(F)(F)F)c2)cc1C#Cc1ccccc1,1,0.9876988524201714,0,5.888498327814676,7.117521645642418,7.229922691406407,7.486652245676339
8-1,22-18,Cc1ccc(C(=O)Nc2ccc(CN3CCN(C)CC3)c(C(F)(F)F)c2)cc1I,C#Cc1cccc(C#N)c1,Cc1ccc(C(=O)Nc2ccc(CN3CCN(C)CC3)c(C(F)(F)F)c2)cc1C#Cc1cccc(C#N)c1,1,0.7221081131110451,0,5.935589996394826,7.095797662748509,7.094908597671028,7.481614204696861
8-1,22-19,Cc1ccc(C(=O)Nc2ccc(CN3CCN(C)CC3)c(C(F)(F)F)c2)cc1I,C#Cc1cccc(F)c1,Cc1ccc(C(=O)Nc2ccc(CN3CCN(C)CC3)c(C(F)(F)F)c2)cc1C#Cc1cccc(F)c1,1,0.9840750491012802,0,5.922049701512694,7.089183742666405,7.30870206547699,7.583178781559046
8-1,22-20,Cc1ccc(C(=O)Nc2ccc(CN3CCN(C)CC3)c(C(F)(F)F)c2)cc1I,C#Cc1ccc(F)cc1,Cc1ccc(C(=O)Nc2ccc(CN3CCN(C)CC3)c(C(F)(F)F)c2)cc1C#Cc1ccc(F)cc1,1,0.9840750491012802,0,5.875106246277373,7.115845295047267,7.370068088863823,7.446833442457256
8-1,22-21,Cc1ccc(C(=O)Nc2ccc(CN3CCN(C)CC3)c(C(F)(F)F)c2)cc1I,C#Cc1cncnc1,Cc1ccc(C(=O)Nc2ccc(CN3CCN(C)CC3)c(C(F)(F)F)c2)cc1C#Cc1cncnc1,1,0.9824217149827358,0,7.283928174327151,7.145279825580639,7.430478418777951,7.990955288619547
8-1,22-22,Cc1ccc(C(=O)Nc2ccc(CN3CCN(C)CC3)c(C(F)(F)F)c2)cc1I,C#Cc1cnc(Nc2ccccc2)nc1,Cc1ccc(C(=O)Nc2ccc(CN3CCN(C)CC3)c(C(F)(F)F)c2)cc1C#Cc1cnc(Nc2ccccc2)nc1,1,0.7475805816418538,0,7.30507048199207,7.187474999290591,7.532668506611717,7.804474037425129
8-1,22-23,Cc1ccc(C(=O)Nc2ccc(CN3CCN(C)CC3)c(C(F)(F)F)c2)cc1I,C#Cc1ccc(N)nc1,Cc1ccc(C(=O)Nc2ccc(CN3CCN(C)CC3)c(C(F)(F)F)c2)cc1C#Cc1ccc(N)nc1,1,1.0,1,7.055517327849832,1.0,7.377484920023712,7.660237824218494
8-1,22-24,Cc1ccc(C(=O)Nc2ccc(CN3CCN(C)CC3)c(C(F)(F)F)c2)cc1I,C#Cc1ccccc1F,Cc1ccc(C(=O)Nc2ccc(CN3CCN(C)CC3)c(C(F)(F)F)c2)cc1C#Cc1ccccc1F,1,0.9876988524201714,0,5.964336761799826,7.101832116300306,7.376198264336686,7.62986642763651
8-1,22-25,Cc1ccc(C(=O)Nc2ccc(CN3CCN(C)CC3)c(C(F)(F)F)c2)cc1I,C[Si](C)(C)C#Cc1cnc2nccn2c1,Cc1ccc(C(=O)Nc2ccc(CN3CCN(C)CC3)c(C(F)(F)F)c2)cc1C#Cc1cnc2nccn2c1,0,0.0,1,7.317688115482943,7.170492997403252,7.303714297466633,7.881847379181199
8-1,22-26,Cc1ccc(C(=O)Nc2ccc(CN3CCN(C)CC3)c(C(F)(F)F)c2)cc1I,C[Si](C)(C)C#Cc1cncc2nc[nH]c12,Cc1ccc(C(=O)Nc2ccc(CN3CCN(C)CC3)c(C(F)(F)F)c2)cc1C#Cc1cncc2nc[nH]c12,1,1.0,1,7.886056647693163,1.0,7.295242662297953,7.520205737431169
8-1,22-27,Cc1ccc(C(=O)Nc2ccc(CN3CCN(C)CC3)c(C(F)(F)F)c2)cc1I,C#Cc1cnc(C)s1,Cc1ncc(C#Cc2cc(C(=O)Nc3ccc(CN4CCN(C)CC4)c(C(F)(F)F)c3)ccc2C)s1,0,0.1971581521126445,0,7.268420770420533,7.177462501815492,7.694653883275859,8.062090699568861
8-2,22-1,Cc1ccc(C(=O)Nc2ccc(CN3CCN(CCO)CC3)c(C(F)(F)F)c2)cc1I,C#Cc1cnc2ccc(C(=N)OC)cn12,COC(=N)c1ccc2ncc(C#Cc3cc(C(=O)Nc4ccc(CN5CCN(CCO)CC5)c(C(F)(F)F)c4)ccc3C)n2c1,1,0.8161609676347558,0,7.258004406037351,7.126468391323596,7.8022941243277,8.003019977598925
8-2,22-2,Cc1ccc(C(=O)Nc2ccc(CN3CCN(CCO)CC3)c(C(F)(F)F)c2)cc1I,C#Cc1cnc2ccccn12,Cc1ccc(C(=O)Nc2ccc(CN3CCN(CCO)CC3)c(C(F)(F)F)c2)cc1C#Cc1cnc2ccccn12,1,1.0,1,7.721246399047171,1.0,7.873885846993479,8.008554803972599
8-2,22-3,Cc1ccc(C(=O)Nc2ccc(CN3CCN(CCO)CC3)c(C(F)(F)F)c2)cc1I,C#Cc1cnc2ccc(C(F)(F)F)cn12,Cc1ccc(C(=O)Nc2ccc(CN3CCN(CCO)CC3)c(C(F)(F)F)c2)cc1C#Cc1cnc2ccc(C(F)(F)F)cn12,1,1.0,1,7.229147988357855,1.0,7.747899825329418,7.864612373651616
8-2,22-4,Cc1ccc(C(=O)Nc2ccc(CN3CCN(CCO)CC3)c(C(F)(F)F)c2)cc1I,C#Cc1cnc2cccnn12,Cc1ccc(C(=O)Nc2ccc(CN3CCN(CCO)CC3)c(C(F)(F)F)c2)cc1C#Cc1cnc2cccnn12,1,1.0,1,7.920818753952375,1.0,7.906951359122313,7.924231865700685
8-2,22-5,Cc1ccc(C(=O)Nc2ccc(CN3CCN(CCO)CC3)c(C(F)(F)F)c2)cc1I,C#Cc1cncc2nccn12,Cc1ccc(C(=O)Nc2ccc(CN3CCN(CCO)CC3)c(C(F)(F)F)c2)cc1C#Cc1cncc2nccn12,1,1.0,1,8.221848749616356,1.0,7.655946623226192,7.508960694218615
8-2,22-6,Cc1ccc(C(=O)Nc2ccc(CN3CCN(CCO)CC3)c(C(F)(F)F)c2)cc1I,C#Cc1cnc2cnccn12,Cc1ccc(C(=O)Nc2ccc(CN3CCN(CCO)CC3)c(C(F)(F)F)c2)cc1C#Cc1cnc2cnccn12,1,1.0,1,8.522878745280337,1.0,7.602970296031405,7.616768060990155
8-2,22-7,Cc1ccc(C(=O)Nc2ccc(CN3CCN(CCO)CC3)c(C(F)(F)F)c2)cc1I,C#Cc1cncn1C,Cc1ccc(C(=O)Nc2ccc(CN3CCN(CCO)CC3)c(C(F)(F)F)c2)cc1C#Cc1cncn1C,1,0.9840750491012802,0,7.346188831600036,7.133799180163449,7.819334438913909,8.045056845461117
8-2,22-8,Cc1ccc(C(=O)Nc2ccc(CN3CCN(CCO)CC3)c(C(F)(F)F)c2)cc1I,C#Cc1ccccn1,Cc1ccc(C(=O)Nc2ccc(CN3CCN(CCO)CC3)c(C(F)(F)F)c2)cc1C#Cc1ccccn1,1,0.9842781971447956,0,5.324138503214547,7.082131450661363,7.732564268964927,7.440575072568143
8-2,22-9,Cc1ccc(C(=O)Nc2ccc(CN3CCN(CCO)CC3)c(C(F)(F)F)c2)cc1I,C#Cc1cnccn1,Cc1ccc(C(=O)Nc2ccc(CN3CCN(CCO)CC3)c(C(F)(F)F)c2)cc1C#Cc1cnccn1,0,0.0,1,7.187718509254093,7.1313861200083135,7.585919935014147,7.664510363717241
8-2,22-10,Cc1ccc(C(=O)Nc2ccc(CN3CCN(CCO)CC3)c(C(F)(F)F)c2)cc1I,C#Cc1cnc2ccccc2n1,Cc1ccc(C(=O)Nc2ccc(CN3CCN(CCO)CC3)c(C(F)(F)F)c2)cc1C#Cc1cnc2ccccc2n1,1,0.9876988524201714,0,7.185767587581025,7.105281004882414,7.732198607375281,7.745294409854106
8-2,22-11,Cc1ccc(C(=O)Nc2ccc(CN3CCN(CCO)CC3)c(C(F)(F)F)c2)cc1I,C#Cc1cnc2[nH]ccc2n1,Cc1ccc(C(=O)Nc2ccc(CN3CCN(CCO)CC3)c(C(F)(F)F)c2)cc1C#Cc1cnc2[nH]ccc2n1,1,0.9840750491012802,0,7.233213219687283,7.080766400999673,7.8534774842111394,7.464759828870795
8-2,22-12,Cc1ccc(C(=O)Nc2ccc(CN3CCN(CCO)CC3)c(C(F)(F)F)c2)cc1I,C#Cc1cnc2cccnc2c1,Cc1ccc(C(=O)Nc2ccc(CN3CCN(CCO)CC3)c(C(F)(F)F)c2)cc1C#Cc1cnc2cccnc2c1,1,0.9394830558623126,0,7.160375331301817,7.086903431537873,7.611322300294197,7.993075939824856
8-2,22-13,Cc1ccc(C(=O)Nc2ccc(CN3CCN(CCO)CC3)c(C(F)(F)F)c2)cc1I,C#Cc1cnc2scnc2c1,Cc1ccc(C(=O)Nc2ccc(CN3CCN(CCO)CC3)c(C(F)(F)F)c2)cc1C#Cc1cnc2scnc2c1,1,0.9840750491012802,0,7.074695134944838,7.112724208786759,7.222238667931402,7.288370432436625
8-2,22-14,Cc1ccc(C(=O)Nc2ccc(CN3CCN(CCO)CC3)c(C(F)(F)F)c2)cc1I,C#Cc1cnc2cn[nH]c2c1,Cc1ccc(C(=O)Nc2ccc(CN3CCN(CCO)CC3)c(C(F)(F)F)c2)cc1C#Cc1cnc2cn[nH]c2c1,0,0.1762626582004882,0,7.384177660559361,7.090362680980764,7.785192889893644,7.994047143315573
8-2,22-15,Cc1ccc(C(=O)Nc2ccc(CN3CCN(CCO)CC3)c(C(F)(F)F)c2)cc1I,C#Cc1cccnc1,Cc1ccc(C(=O)Nc2ccc(CN3CCN(CCO)CC3)c(C(F)(F)F)c2)cc1C#Cc1cccnc1,0,0.0,1,7.16172787386764,7.101356439614582,7.709307564852176,7.954483173032745
8-2,22-16,Cc1ccc(C(=O)Nc2ccc(CN3CCN(CCO)CC3)c(C(F)(F)F)c2)cc1I,C#Cc1ccncc1,Cc1ccc(C(=O)Nc2ccc(CN3CCN(CCO)CC3)c(C(F)(F)F)c2)cc1C#Cc1ccncc1,1,0.9664246865823124,0,5.411186450113538,7.096785779197693,7.43729438785961,7.616838865056584
8-2,22-17,Cc1ccc(C(=O)Nc2ccc(CN3CCN(CCO)CC3)c(C(F)(F)F)c2)cc1I,C#Cc1ccccc1,Cc1ccc(C(=O)Nc2ccc(CN3CCN(CCO)CC3)c(C(F)(F)F)c2)cc1C#Cc1ccccc1,1,0.9876988524201714,0,5.361629638194737,7.119955804534726,7.585908463557418,7.694766915794962
8-2,22-18,Cc1ccc(C(=O)Nc2ccc(CN3CCN(CCO)CC3)c(C(F)(F)F)c2)cc1I,C#Cc1cccc(C#N)c1,Cc1ccc(C(=O)Nc2ccc(CN3CCN(CCO)CC3)c(C(F)(F)F)c2)cc1C#Cc1cccc(C#N)c1,1,0.7221081131110451,0,5.3914941494116615,7.094689095473715,7.512102607240386,7.647469568034357
8-2,22-19,Cc1ccc(C(=O)Nc2ccc(CN3CCN(CCO)CC3)c(C(F)(F)F)c2)cc1I,C#Cc1cccc(F)c1,Cc1ccc(C(=O)Nc2ccc(CN3CCN(CCO)CC3)c(C(F)(F)F)c2)cc1C#Cc1cccc(F)c1,1,0.9840750491012802,0,5.40620901169248,7.100497441686494,7.676413198307585,7.750235037395785
8-2,22-20,Cc1ccc(C(=O)Nc2ccc(CN3CCN(CCO)CC3)c(C(F)(F)F)c2)cc1I,C#Cc1ccc(F)cc1,Cc1ccc(C(=O)Nc2ccc(CN3CCN(CCO)CC3)c(C(F)(F)F)c2)cc1C#Cc1ccc(F)cc1,1,0.9840750491012802,0,5.379485224960113,7.132932688762239,7.699200997720129,7.616796521448229
8-2,22-21,Cc1ccc(C(=O)Nc2ccc(CN3CCN(CCO)CC3)c(C(F)(F)F)c2)cc1I,C#Cc1cncnc1,Cc1ccc(C(=O)Nc2ccc(CN3CCN(CCO)CC3)c(C(F)(F)F)c2)cc1C#Cc1cncnc1,1,0.9824217149827358,0,7.244163519216511,7.125187566335259,7.77820940904323,7.996161161460192
8-2,22-22,Cc1ccc(C(=O)Nc2ccc(CN3CCN(CCO)CC3)c(C(F)(F)F)c2)cc1I,C#Cc1cnc(Nc2ccccc2)nc1,Cc1ccc(C(=O)Nc2ccc(CN3CCN(CCO)CC3)c(C(F)(F)F)c2)cc1C#Cc1cnc(Nc2ccccc2)nc1,1,0.5546796469126549,0,7.221568346217969,7.116088514731462,7.805537839033197,7.8542950333922334
8-2,22-23,Cc1ccc(C(=O)Nc2ccc(CN3CCN(CCO)CC3)c(C(F)(F)F)c2)cc1I,C#Cc1ccc(N)nc1,Cc1ccc(C(=O)Nc2ccc(CN3CCN(CCO)CC3)c(C(F)(F)F)c2)cc1C#Cc1ccc(N)nc1,1,0.9855714145331566,0,7.189548103174487,7.1064904600247605,7.681981343652014,7.690392412270267
8-2,22-24,Cc1ccc(C(=O)Nc2ccc(CN3CCN(CCO)CC3)c(C(F)(F)F)c2)cc1I,C#Cc1ccccc1F,Cc1ccc(C(=O)Nc2ccc(CN3CCN(CCO)CC3)c(C(F)(F)F)c2)cc1C#Cc1ccccc1F,1,0.9876988524201714,0,5.398698756828306,7.09445661738759,7.685771769459878,7.823374789602504
8-2,22-25,Cc1ccc(C(=O)Nc2ccc(CN3CCN(CCO)CC3)c(C(F)(F)F)c2)cc1I,C[Si](C)(C)C#Cc1cnc2nccn2c1,Cc1ccc(C(=O)Nc2ccc(CN3CCN(CCO)CC3)c(C(F)(F)F)c2)cc1C#Cc1cnc2nccn2c1,0,0.0,1,7.297689010844734,7.111829171093613,7.667891473486232,7.901575335729438
8-2,22-26,Cc1ccc(C(=O)Nc2ccc(CN3CCN(CCO)CC3)c(C(F)(F)F)c2)cc1I,C[Si](C)(C)C#Cc1cncc2nc[nH]c12,Cc1ccc(C(=O)Nc2ccc(CN3CCN(CCO)CC3)c(C(F)(F)F)c2)cc1C#Cc1cncc2nc[nH]c12,1,1.0,1,7.853871964321762,1.0,7.641355856533673,7.653275578610172
8-2,22-27,Cc1ccc(C(=O)Nc2ccc(CN3CCN(CCO)CC3)c(C(F)(F)F)c2)cc1I,C#Cc1cnc(C)s1,Cc1ncc(C#Cc2cc(C(=O)Nc3ccc(CN4CCN(CCO)CC4)c(C(F)(F)F)c3)ccc2C)s1,0,0.1971581521126445,0,7.132113183689908,7.102521190388821,7.973679896647861,8.081073285204276
8-3,22-1,Cc1ccc(C(=O)Nc2ccc(CN3CCC(O)CC3)c(C(F)(F)F)c2)cc1I,C#Cc1cnc2ccc(C(=N)OC)cn12,COC(=N)c1ccc2ncc(C#Cc3cc(C(=O)Nc4ccc(CN5CCC(O)CC5)c(C(F)(F)F)c4)ccc3C)n2c1,0,0.2370466416903419,0,6.635743029150323,7.08475262421961,7.550618343838578,8.111886011707947
8-3,22-2,Cc1ccc(C(=O)Nc2ccc(CN3CCC(O)CC3)c(C(F)(F)F)c2)cc1I,C#Cc1cnc2ccccn12,Cc1ccc(C(=O)Nc2ccc(CN3CCC(O)CC3)c(C(F)(F)F)c2)cc1C#Cc1cnc2ccccn12,1,0.9785506601259422,0,6.974287143338842,7.0723920433008605,7.605886112327792,8.138546287962793
8-3,22-3,Cc1ccc(C(=O)Nc2ccc(CN3CCC(O)CC3)c(C(F)(F)F)c2)cc1I,C#Cc1cnc2ccc(C(F)(F)F)cn12,Cc1ccc(C(=O)Nc2ccc(CN3CCC(O)CC3)c(C(F)(F)F)c2)cc1C#Cc1cnc2ccc(C(F)(F)F)cn12,0,0.3804546161282112,0,6.753432680725116,7.099001277477407,7.518829369714438,7.979769094538459
8-3,22-4,Cc1ccc(C(=O)Nc2ccc(CN3CCC(O)CC3)c(C(F)(F)F)c2)cc1I,C#Cc1cnc2cccnn12,Cc1ccc(C(=O)Nc2ccc(CN3CCC(O)CC3)c(C(F)(F)F)c2)cc1C#Cc1cnc2cccnn12,1,0.9006071448610737,0,6.978935721276442,7.094290044922976,7.641116024711626,8.04435883151647
8-3,22-5,Cc1ccc(C(=O)Nc2ccc(CN3CCC(O)CC3)c(C(F)(F)F)c2)cc1I,C#Cc1cncc2nccn12,Cc1ccc(C(=O)Nc2ccc(CN3CCC(O)CC3)c(C(F)(F)F)c2)cc1C#Cc1cncc2nccn12,1,1.0,1,7.346787486224656,1.0,7.261329794273784,7.652835328489063
8-3,22-6,Cc1ccc(C(=O)Nc2ccc(CN3CCC(O)CC3)c(C(F)(F)F)c2)cc1I,C#Cc1cnc2cnccn12,Cc1ccc(C(=O)Nc2ccc(CN3CCC(O)CC3)c(C(F)(F)F)c2)cc1C#Cc1cnc2cnccn12,0,0.0,1,7.806552092722706,7.084890247233069,7.201356234730764,7.759700414999636
8-3,22-7,Cc1ccc(C(=O)Nc2ccc(CN3CCC(O)CC3)c(C(F)(F)F)c2)cc1I,C#Cc1cncn1C,Cc1ccc(C(=O)Nc2ccc(CN3CCC(O)CC3)c(C(F)(F)F)c2)cc1C#Cc1cncn1C,1,1.0,1,6.721246399047171,1.0,7.526703349112669,8.165207952532668
8-3,22-8,Cc1ccc(C(=O)Nc2ccc(CN3CCC(O)CC3)c(C(F)(F)F)c2)cc1I,C#Cc1ccccn1,Cc1ccc(C(=O)Nc2ccc(CN3CCC(O)CC3)c(C(F)(F)F)c2)cc1C#Cc1ccccn1,1,0.9842781971447956,0,4.9602345177660006,7.0419385888331725,7.433356471893802,7.591814023904751
8-3,22-9,Cc1ccc(C(=O)Nc2ccc(CN3CCC(O)CC3)c(C(F)(F)F)c2)cc1I,C#Cc1cnccn1,Cc1ccc(C(=O)Nc2ccc(CN3CCC(O)CC3)c(C(F)(F)F)c2)cc1C#Cc1cnccn1,0,0.0108824988878227,0,6.595447101366852,7.081175917636139,7.1619232091019605,7.813341282637739
8-3,22-10,Cc1ccc(C(=O)Nc2ccc(CN3CCC(O)CC3)c(C(F)(F)F)c2)cc1I,C#Cc1cnc2ccccc2n1,Cc1ccc(C(=O)Nc2ccc(CN3CCC(O)CC3)c(C(F)(F)F)c2)cc1C#Cc1cnc2ccccc2n1,1,1.0,1,6.657577319177793,1.0,7.437940993262188,7.891383715108705
8-3,22-11,Cc1ccc(C(=O)Nc2ccc(CN3CCC(O)CC3)c(C(F)(F)F)c2)cc1I,C#Cc1cnc2[nH]ccc2n1,Cc1ccc(C(=O)Nc2ccc(CN3CCC(O)CC3)c(C(F)(F)F)c2)cc1C#Cc1cnc2[nH]ccc2n1,1,1.0,1,6.552841968657781,1.0,7.58175629498053,7.607114335314168
8-3,22-12,Cc1ccc(C(=O)Nc2ccc(CN3CCC(O)CC3)c(C(F)(F)F)c2)cc1I,C#Cc1cnc2cccnc2c1,Cc1ccc(C(=O)Nc2ccc(CN3CCC(O)CC3)c(C(F)(F)F)c2)cc1C#Cc1cnc2cccnc2c1,1,0.9394830558623126,0,6.60364208137826,7.084386097116547,7.167445361742549,8.120038043295287
8-3,22-13,Cc1ccc(C(=O)Nc2ccc(CN3CCC(O)CC3)c(C(F)(F)F)c2)cc1I,C#Cc1cnc2scnc2c1,Cc1ccc(C(=O)Nc2ccc(CN3CCC(O)CC3)c(C(F)(F)F)c2)cc1C#Cc1cnc2scnc2c1,1,0.9840750491012802,0,6.491723589521941,7.086459302215046,6.709533744102732,7.420006182755984
8-3,22-14,Cc1ccc(C(=O)Nc2ccc(CN3CCC(O)CC3)c(C(F)(F)F)c2)cc1I,C#Cc1cnc2cn[nH]c2c1,Cc1ccc(C(=O)Nc2ccc(CN3CCC(O)CC3)c(C(F)(F)F)c2)cc1C#Cc1cnc2cn[nH]c2c1,0,0.1762626582004882,0,7.009205334136476,7.092315688595036,7.445687931620991,8.103942381632036
8-3,22-15,Cc1ccc(C(=O)Nc2ccc(CN3CCC(O)CC3)c(C(F)(F)F)c2)cc1I,C#Cc1cccnc1,Cc1ccc(C(=O)Nc2ccc(CN3CCC(O)CC3)c(C(F)(F)F)c2)cc1C#Cc1cccnc1,0,0.4235437862040149,0,6.574960152872224,7.080384074883976,7.339492452855441,8.097771938361365
8-3,22-16,Cc1ccc(C(=O)Nc2ccc(CN3CCC(O)CC3)c(C(F)(F)F)c2)cc1I,C#Cc1ccncc1,Cc1ccc(C(=O)Nc2ccc(CN3CCC(O)CC3)c(C(F)(F)F)c2)cc1C#Cc1ccncc1,1,1.0,1,5.0,1.0,6.922694742927862,7.7759288921339005
8-3,22-17,Cc1ccc(C(=O)Nc2ccc(CN3CCC(O)CC3)c(C(F)(F)F)c2)cc1I,C#Cc1ccccc1,Cc1ccc(C(=O)Nc2ccc(CN3CCC(O)CC3)c(C(F)(F)F)c2)cc1C#Cc1ccccc1,1,0.9876988524201714,0,5.0040105779736095,7.034150862066181,7.199300955817257,7.872910024059672
8-3,22-18,Cc1ccc(C(=O)Nc2ccc(CN3CCC(O)CC3)c(C(F)(F)F)c2)cc1I,C#Cc1cccc(C#N)c1,Cc1ccc(C(=O)Nc2ccc(CN3CCC(O)CC3)c(C(F)(F)F)c2)cc1C#Cc1cccc(C#N)c1,1,0.7221081131110451,0,5.009767642977476,7.039893396806342,7.046115825243745,7.812132831534456
8-3,22-19,Cc1ccc(C(=O)Nc2ccc(CN3CCC(O)CC3)c(C(F)(F)F)c2)cc1I,C#Cc1cccc(F)c1,Cc1ccc(C(=O)Nc2ccc(CN3CCC(O)CC3)c(C(F)(F)F)c2)cc1C#Cc1cccc(F)c1,1,1.0,1,5.0,1.0,7.275305698010761,7.922342523204769
8-3,22-20,Cc1ccc(C(=O)Nc2ccc(CN3CCC(O)CC3)c(C(F)(F)F)c2)cc1I,C#Cc1ccc(F)cc1,Cc1ccc(C(=O)Nc2ccc(CN3CCC(O)CC3)c(C(F)(F)F)c2)cc1C#Cc1ccc(F)cc1,1,1.0,1,5.0,1.0,7.345192056818907,7.783486107860344
8-3,22-21,Cc1ccc(C(=O)Nc2ccc(CN3CCC(O)CC3)c(C(F)(F)F)c2)cc1I,C#Cc1cncnc1,Cc1ccc(C(=O)Nc2ccc(CN3CCC(O)CC3)c(C(F)(F)F)c2)cc1C#Cc1cncnc1,1,0.9824217149827358,0,6.571291675313388,7.070223340609043,7.3815484520032655,8.121028066167494
8-3,22-22,Cc1ccc(C(=O)Nc2ccc(CN3CCC(O)CC3)c(C(F)(F)F)c2)cc1I,C#Cc1cnc(Nc2ccccc2)nc1,Cc1ccc(C(=O)Nc2ccc(CN3CCC(O)CC3)c(C(F)(F)F)c2)cc1C#Cc1cnc(Nc2ccccc2)nc1,0,0.3513209422038262,0,6.671360622410951,7.084161273702535,7.520316099007022,7.956694141843488
8-3,22-23,Cc1ccc(C(=O)Nc2ccc(CN3CCC(O)CC3)c(C(F)(F)F)c2)cc1I,C#Cc1ccc(N)nc1,Cc1ccc(C(=O)Nc2ccc(CN3CCC(O)CC3)c(C(F)(F)F)c2)cc1C#Cc1ccc(N)nc1,1,1.0,1,6.7447274948966935,1.0,7.355006992445418,7.834988353326387
8-3,22-24,Cc1ccc(C(=O)Nc2ccc(CN3CCC(O)CC3)c(C(F)(F)F)c2)cc1I,C#Cc1ccccc1F,Cc1ccc(C(=O)Nc2ccc(CN3CCC(O)CC3)c(C(F)(F)F)c2)cc1C#Cc1ccccc1F,1,0.9876988524201714,0,5.009344225334287,7.036459689040103,7.358108133331568,7.998806441488869
8-3,22-25,Cc1ccc(C(=O)Nc2ccc(CN3CCC(O)CC3)c(C(F)(F)F)c2)cc1I,C[Si](C)(C)C#Cc1cnc2nccn2c1,Cc1ccc(C(=O)Nc2ccc(CN3CCC(O)CC3)c(C(F)(F)F)c2)cc1C#Cc1cnc2nccn2c1,0,0.0164130026291284,0,6.589953029809757,7.084489577428581,7.250466110997626,8.02471008605344
8-3,22-26,Cc1ccc(C(=O)Nc2ccc(CN3CCC(O)CC3)c(C(F)(F)F)c2)cc1I,C[Si](C)(C)C#Cc1cncc2nc[nH]c12,Cc1ccc(C(=O)Nc2ccc(CN3CCC(O)CC3)c(C(F)(F)F)c2)cc1C#Cc1cncc2nc[nH]c12,1,0.9840750491012802,0,7.005238953570919,7.076437073068381,7.251432777168071,7.799223121474687
8-3,22-27,Cc1ccc(C(=O)Nc2ccc(CN3CCC(O)CC3)c(C(F)(F)F)c2)cc1I,C#Cc1cnc(C)s1,Cc1ncc(C#Cc2cc(C(=O)Nc3ccc(CN4CCC(O)CC4)c(C(F)(F)F)c3)ccc2C)s1,0,0.2018064615892248,0,6.5265164239554965,7.090964747535152,7.683551864454619,8.196935115868131
8-4,22-1,Cc1ccc(C(=O)Nc2ccc(Cn3ccnc3)c(C(F)(F)F)c2)cc1I,C#Cc1cnc2ccc(C(=N)OC)cn12,COC(=N)c1ccc2ncc(C#Cc3cc(C(=O)Nc4ccc(Cn5ccnc5)c(C(F)(F)F)c4)ccc3C)n2c1,0,0.1408779845265962,0,6.746155671157657,7.05635357630805,7.556404731865994,7.207521405443588
8-4,22-2,Cc1ccc(C(=O)Nc2ccc(Cn3ccnc3)c(C(F)(F)F)c2)cc1I,C#Cc1cnc2ccccn12,Cc1ccc(C(=O)Nc2ccc(Cn3ccnc3)c(C(F)(F)F)c2)cc1C#Cc1cnc2ccccn12,1,0.916663954298715,0,7.180718086132228,7.058653773849477,7.627460716127146,6.9692215272139615
8-4,22-3,Cc1ccc(C(=O)Nc2ccc(Cn3ccnc3)c(C(F)(F)F)c2)cc1I,C#Cc1cnc2ccc(C(F)(F)F)cn12,Cc1ccc(C(=O)Nc2ccc(Cn3ccnc3)c(C(F)(F)F)c2)cc1C#Cc1cnc2ccc(C(F)(F)F)cn12,0,0.1693289135631119,0,6.8617700508540205,7.065187958128536,7.67084248791693,7.150289468163965
8-4,22-4,Cc1ccc(C(=O)Nc2ccc(Cn3ccnc3)c(C(F)(F)F)c2)cc1I,C#Cc1cnc2cccnn12,Cc1ccc(C(=O)Nc2ccc(Cn3ccnc3)c(C(F)(F)F)c2)cc1C#Cc1cnc2cccnn12,0,0.0,1,7.02111178138508,7.071455570139432,7.700453737795956,6.89248642472772
8-4,22-5,Cc1ccc(C(=O)Nc2ccc(Cn3ccnc3)c(C(F)(F)F)c2)cc1I,C#Cc1cncc2nccn12,Cc1ccc(C(=O)Nc2ccc(Cn3ccnc3)c(C(F)(F)F)c2)cc1C#Cc1cncc2nccn12,1,1.0,1,7.769551078621726,1.0,7.563294517277908,6.513829786815744
8-4,22-6,Cc1ccc(C(=O)Nc2ccc(Cn3ccnc3)c(C(F)(F)F)c2)cc1I,C#Cc1cnc2cnccn12,Cc1ccc(C(=O)Nc2ccc(Cn3ccnc3)c(C(F)(F)F)c2)cc1C#Cc1cnc2cnccn12,0,0.0,1,8.074944928490543,7.072786203902993,7.484379017629184,6.606407742655063
8-4,22-7,Cc1ccc(C(=O)Nc2ccc(Cn3ccnc3)c(C(F)(F)F)c2)cc1I,C#Cc1cncn1C,Cc1ccc(C(=O)Nc2ccc(Cn3ccnc3)c(C(F)(F)F)c2)cc1C#Cc1cncn1C,1,0.8969924427740583,0,6.83296736912807,7.050737429390858,7.548102033491751,7.335163011991623
8-4,22-8,Cc1ccc(C(=O)Nc2ccc(Cn3ccnc3)c(C(F)(F)F)c2)cc1I,C#Cc1ccccn1,Cc1ccc(C(=O)Nc2ccc(Cn3ccnc3)c(C(F)(F)F)c2)cc1C#Cc1ccccn1,1,1.0,1,5.0,1.0,7.471268781367539,6.423670005805102
8-4,22-9,Cc1ccc(C(=O)Nc2ccc(Cn3ccnc3)c(C(F)(F)F)c2)cc1I,C#Cc1cnccn1,Cc1ccc(C(=O)Nc2ccc(Cn3ccnc3)c(C(F)(F)F)c2)cc1C#Cc1cnccn1,0,0.0246787941950721,0,6.649100937951318,7.052724574527492,7.438757461725896,6.702581709187649
8-4,22-10,Cc1ccc(C(=O)Nc2ccc(Cn3ccnc3)c(C(F)(F)F)c2)cc1I,C#Cc1cnc2ccccc2n1,Cc1ccc(C(=O)Nc2ccc(Cn3ccnc3)c(C(F)(F)F)c2)cc1C#Cc1cnc2ccccc2n1,1,0.9508820914175036,0,6.723423602148618,7.061858448118661,7.497303359290793,6.584212277889269
8-4,22-11,Cc1ccc(C(=O)Nc2ccc(Cn3ccnc3)c(C(F)(F)F)c2)cc1I,C#Cc1cnc2[nH]ccc2n1,Cc1ccc(C(=O)Nc2ccc(Cn3ccnc3)c(C(F)(F)F)c2)cc1C#Cc1cnc2[nH]ccc2n1,1,0.8969924427740583,0,6.66517195734412,7.077705190982819,7.6271579694213,6.452655786860504
8-4,22-12,Cc1ccc(C(=O)Nc2ccc(Cn3ccnc3)c(C(F)(F)F)c2)cc1I,C#Cc1cnc2cccnc2c1,Cc1ccc(C(=O)Nc2ccc(Cn3ccnc3)c(C(F)(F)F)c2)cc1C#Cc1cnc2cccnc2c1,1,0.8969924427740583,0,6.630746789719609,7.0624297250779815,7.456829779910006,6.948029688879435
8-4,22-13,Cc1ccc(C(=O)Nc2ccc(Cn3ccnc3)c(C(F)(F)F)c2)cc1I,C#Cc1cnc2scnc2c1,Cc1ccc(C(=O)Nc2ccc(Cn3ccnc3)c(C(F)(F)F)c2)cc1C#Cc1cnc2scnc2c1,1,0.8969924427740583,0,6.52612085002712,7.064784356329916,7.299110645128485,6.413049068044105
8-4,22-14,Cc1ccc(C(=O)Nc2ccc(Cn3ccnc3)c(C(F)(F)F)c2)cc1I,C#Cc1cnc2cn[nH]c2c1,Cc1ccc(C(=O)Nc2ccc(Cn3ccnc3)c(C(F)(F)F)c2)cc1C#Cc1cnc2cn[nH]c2c1,0,0.0663154623419526,0,7.052344803829003,7.058314360925952,7.6327962972805,7.149216339211607
8-4,22-15,Cc1ccc(C(=O)Nc2ccc(Cn3ccnc3)c(C(F)(F)F)c2)cc1I,C#Cc1cccnc1,Cc1ccc(C(=O)Nc2ccc(Cn3ccnc3)c(C(F)(F)F)c2)cc1C#Cc1cccnc1,1,0.5226940130774254,0,6.588335945489381,7.045783479679118,7.49724885205851,6.884726977778862
8-4,22-16,Cc1ccc(C(=O)Nc2ccc(Cn3ccnc3)c(C(F)(F)F)c2)cc1I,C#Cc1ccncc1,Cc1ccc(C(=O)Nc2ccc(Cn3ccnc3)c(C(F)(F)F)c2)cc1C#Cc1ccncc1,1,0.9421226590384888,0,4.99429266217276,7.035219477445287,7.235504445746086,6.550475306805978
8-4,22-17,Cc1ccc(C(=O)Nc2ccc(Cn3ccnc3)c(C(F)(F)F)c2)cc1I,C#Cc1ccccc1,Cc1ccc(C(=O)Nc2ccc(Cn3ccnc3)c(C(F)(F)F)c2)cc1C#Cc1ccccc1,1,1.0,1,5.0,1.0,7.242840050442181,6.4736145618097005
8-4,22-18,Cc1ccc(C(=O)Nc2ccc(Cn3ccnc3)c(C(F)(F)F)c2)cc1I,C#Cc1cccc(C#N)c1,Cc1ccc(C(=O)Nc2ccc(Cn3ccnc3)c(C(F)(F)F)c2)cc1C#Cc1cccc(C#N)c1,1,0.6709058149845379,0,5.015660792042238,7.032266791145246,7.069902247027621,6.559305472438049
8-4,22-19,Cc1ccc(C(=O)Nc2ccc(Cn3ccnc3)c(C(F)(F)F)c2)cc1I,C#Cc1cccc(F)c1,Cc1ccc(C(=O)Nc2ccc(Cn3ccnc3)c(C(F)(F)F)c2)cc1C#Cc1cccc(F)c1,1,1.0,1,5.0,1.0,7.356227455689579,6.620833810880964
8-4,22-20,Cc1ccc(C(=O)Nc2ccc(Cn3ccnc3)c(C(F)(F)F)c2)cc1I,C#Cc1ccc(F)cc1,Cc1ccc(C(=O)Nc2ccc(Cn3ccnc3)c(C(F)(F)F)c2)cc1C#Cc1ccc(F)cc1,1,0.9418815679465068,0,5.000099749001828,7.032443502574961,7.373790184690301,6.502577956285276
8-4,22-21,Cc1ccc(C(=O)Nc2ccc(Cn3ccnc3)c(C(F)(F)F)c2)cc1I,C#Cc1cncnc1,Cc1ccc(C(=O)Nc2ccc(Cn3ccnc3)c(C(F)(F)F)c2)cc1C#Cc1cncnc1,1,0.8969924427740583,0,6.596606395948184,7.049031978632501,7.678399755357644,7.339062596083815
8-4,22-22,Cc1ccc(C(=O)Nc2ccc(Cn3ccnc3)c(C(F)(F)F)c2)cc1I,C#Cc1cnc(Nc2ccccc2)nc1,Cc1ccc(C(=O)Nc2ccc(Cn3ccnc3)c(C(F)(F)F)c2)cc1C#Cc1cnc(Nc2ccccc2)nc1,1,0.7616413368882567,0,6.698692929655525,7.057301292050078,7.503091386097742,7.091071469108139
8-4,22-23,Cc1ccc(C(=O)Nc2ccc(Cn3ccnc3)c(C(F)(F)F)c2)cc1I,C#Cc1ccc(N)nc1,Cc1ccc(C(=O)Nc2ccc(Cn3ccnc3)c(C(F)(F)F)c2)cc1C#Cc1ccc(N)nc1,1,0.844147815437749,0,6.615556389666686,7.0621109768715655,7.461814163484371,6.86714335092002
8-4,22-24,Cc1ccc(C(=O)Nc2ccc(Cn3ccnc3)c(C(F)(F)F)c2)cc1I,C#Cc1ccccc1F,Cc1ccc(C(=O)Nc2ccc(Cn3ccnc3)c(C(F)(F)F)c2)cc1C#Cc1ccccc1F,1,0.9729074311940336,0,5.009437534434143,7.037935178362537,7.346859408116509,6.633882873061671
8-4,22-25,Cc1ccc(C(=O)Nc2ccc(Cn3ccnc3)c(C(F)(F)F)c2)cc1I,C[Si](C)(C)C#Cc1cnc2nccn2c1,Cc1ccc(C(=O)Nc2ccc(Cn3ccnc3)c(C(F)(F)F)c2)cc1C#Cc1cnc2nccn2c1,0,0.0,1,6.614490596677163,7.065469842526611,7.546258050261037,7.152260142781941
8-4,22-26,Cc1ccc(C(=O)Nc2ccc(Cn3ccnc3)c(C(F)(F)F)c2)cc1I,C[Si](C)(C)C#Cc1cncc2nc[nH]c12,Cc1ccc(C(=O)Nc2ccc(Cn3ccnc3)c(C(F)(F)F)c2)cc1C#Cc1cncc2nc[nH]c12,0,0.0,1,7.021731134608103,7.0624846016254175,7.523505662736656,6.596710159721697
8-4,22-27,Cc1ccc(C(=O)Nc2ccc(Cn3ccnc3)c(C(F)(F)F)c2)cc1I,C#Cc1cnc(C)s1,Cc1ncc(C#Cc2cc(C(=O)Nc3ccc(Cn4ccnc4)c(C(F)(F)F)c3)ccc2C)s1,0,0.0867576384489705,0,6.574823618879496,7.065828348179162,7.6979814607426595,7.70958478773214
8-5,22-1,Cc1ccc(C(=O)Nc2ccccc2)cc1I,C#Cc1cnc2ccc(C(=N)OC)cn12,COC(=N)c1ccc2ncc(C#Cc3cc(C(=O)Nc4ccccc4)ccc3C)n2c1,1,1.0,1,5.0,1.0,7.418759150083153,6.823198089794582
8-5,22-2,Cc1ccc(C(=O)Nc2ccccc2)cc1I,C#Cc1cnc2ccccn12,Cc1ccc(C(=O)Nc2ccccc2)cc1C#Cc1cnc2ccccn12,1,0.9785506601259422,0,5.62047847186817,7.08810563639881,7.524566950612293,6.421672548276377
8-5,22-3,Cc1ccc(C(=O)Nc2ccccc2)cc1I,C#Cc1cnc2ccc(C(F)(F)F)cn12,Cc1ccc(C(=O)Nc2ccccc2)cc1C#Cc1cnc2ccc(C(F)(F)F)cn12,1,0.975191531722748,0,5.436496475065896,7.071278816751224,7.523495758808176,6.989513004688508
8-5,22-4,Cc1ccc(C(=O)Nc2ccccc2)cc1I,C#Cc1cnc2cccnn12,Cc1ccc(C(=O)Nc2ccccc2)cc1C#Cc1cnc2cccnn12,1,0.9420538042188312,0,5.505874394787568,7.066048931863846,7.668743781345806,6.334700473545153
8-5,22-5,Cc1ccc(C(=O)Nc2ccccc2)cc1I,C#Cc1cncc2nccn12,Cc1ccc(C(=O)Nc2ccccc2)cc1C#Cc1cncc2nccn12,1,0.9292914535489076,0,5.991600488736651,7.063433228923875,7.428459299891089,5.844449878187005
8-5,22-6,Cc1ccc(C(=O)Nc2ccccc2)cc1I,C#Cc1cnc2cnccn12,Cc1ccc(C(=O)Nc2ccccc2)cc1C#Cc1cnc2cnccn12,1,0.7422014196252514,0,6.200378726527234,7.082417173259196,7.25779797500131,5.949496426268091
8-5,22-7,Cc1ccc(C(=O)Nc2ccccc2)cc1I,C#Cc1cncn1C,Cc1ccc(C(=O)Nc2ccccc2)cc1C#Cc1cncn1C,1,0.9876988524201714,0,5.153331198725102,7.071866746552405,7.345893953217893,6.989621871725289
8-5,22-8,Cc1ccc(C(=O)Nc2ccccc2)cc1I,C#Cc1ccccn1,Cc1ccc(C(=O)Nc2ccccc2)cc1C#Cc1ccccn1,1,0.9843155436372768,0,4.878591450214541,7.046735008923226,7.0583549076811885,5.694378576917579
8-5,22-9,Cc1ccc(C(=O)Nc2ccccc2)cc1I,C#Cc1cnccn1,Cc1ccc(C(=O)Nc2ccccc2)cc1C#Cc1cnccn1,0,0.0414715916944118,0,5.215095611857132,7.081209338958293,7.037510843297001,6.0177559426368505
8-5,22-10,Cc1ccc(C(=O)Nc2ccccc2)cc1I,C#Cc1cnc2ccccc2n1,Cc1ccc(C(=O)Nc2ccccc2)cc1C#Cc1cnc2ccccc2n1,1,0.9876988524201714,0,5.268981119240389,7.059329265558085,7.204104289878901,5.910945925955722
8-5,22-11,Cc1ccc(C(=O)Nc2ccccc2)cc1I,C#Cc1cnc2[nH]ccc2n1,Cc1ccc(C(=O)Nc2ccccc2)cc1C#Cc1cnc2[nH]ccc2n1,1,0.9876988524201714,0,5.28744397842262,7.067864049141585,7.550081394162123,5.758595242796116
8-5,22-12,Cc1ccc(C(=O)Nc2ccccc2)cc1I,C#Cc1cnc2cccnc2c1,Cc1ccc(C(=O)Nc2ccccc2)cc1C#Cc1cnc2cccnc2c1,1,1.0,1,5.221848749616356,1.0,7.046332856654902,6.408356100477703
8-5,22-13,Cc1ccc(C(=O)Nc2ccccc2)cc1I,C#Cc1cnc2scnc2c1,Cc1ccc(C(=O)Nc2ccccc2)cc1C#Cc1cnc2scnc2c1,1,1.0,1,5.0,1.0,6.954299799675098,5.77130272163347
8-5,22-14,Cc1ccc(C(=O)Nc2ccccc2)cc1I,C#Cc1cnc2cn[nH]c2c1,Cc1ccc(C(=O)Nc2ccccc2)cc1C#Cc1cnc2cn[nH]c2c1,0,0.2175491653088375,0,5.825031393304288,7.066953482871152,7.496996480010473,6.742720041787401
8-5,22-15,Cc1ccc(C(=O)Nc2ccccc2)cc1I,C#Cc1cccnc1,Cc1ccc(C(=O)Nc2ccccc2)cc1C#Cc1cccnc1,1,0.8063742936793074,0,5.197465008476529,7.057102990482734,7.074331333719894,6.232018303085408
8-5,22-16,Cc1ccc(C(=O)Nc2ccccc2)cc1I,C#Cc1ccncc1,Cc1ccc(C(=O)Nc2ccccc2)cc1C#Cc1ccncc1,1,0.9844314589791756,0,4.961541824901934,7.042252118088433,6.487264430344199,5.812752872139095
8-5,22-17,Cc1ccc(C(=O)Nc2ccccc2)cc1I,C#Cc1ccccc1,Cc1ccc(C(=O)Nc2ccccc2)cc1C#Cc1ccccc1,1,1.0,1,5.0,1.0,6.398336557760915,5.690637607817339
8-5,22-18,Cc1ccc(C(=O)Nc2ccccc2)cc1I,C#Cc1cccc(C#N)c1,Cc1ccc(C(=O)Nc2ccccc2)cc1C#Cc1cccc(C#N)c1,1,1.0,1,5.0,1.0,6.131396258437481,5.830789243954299
8-5,22-19,Cc1ccc(C(=O)Nc2ccccc2)cc1I,C#Cc1cccc(F)c1,Cc1ccc(C(=O)Nc2ccccc2)cc1C#Cc1cccc(F)c1,1,0.9878733106601282,0,4.991482502696567,7.038596345628663,6.684031927338068,5.884535160762856
8-5,22-20,Cc1ccc(C(=O)Nc2ccccc2)cc1I,C#Cc1ccc(F)cc1,Cc1ccc(C(=O)Nc2ccccc2)cc1C#Cc1ccc(F)cc1,1,0.9876988524201714,0,4.9726002558683575,7.047935127147119,6.681064061978696,5.746238004988888
8-5,22-21,Cc1ccc(C(=O)Nc2ccccc2)cc1I,C#Cc1cncnc1,Cc1ccc(C(=O)Nc2ccccc2)cc1C#Cc1cncnc1,1,0.9856686813705648,0,5.234578842378826,7.0519932636860245,7.604179786577825,7.017326777910112
8-5,22-22,Cc1ccc(C(=O)Nc2ccccc2)cc1I,C#Cc1cnc(Nc2ccccc2)nc1,Cc1ccc(C(=O)Nc2ccccc2)cc1C#Cc1cnc(Nc2ccccc2)nc1,0,0.0,1,5.248230725143436,7.062088865031435,7.35169680029192,6.729222984085684
8-5,22-23,Cc1ccc(C(=O)Nc2ccccc2)cc1I,C#Cc1ccc(N)nc1,Cc1ccc(C(=O)Nc2ccccc2)cc1C#Cc1ccc(N)nc1,1,0.9888585674232212,0,5.181990167669432,7.067170591153796,7.077275864283746,6.30130891331262
8-5,22-24,Cc1ccc(C(=O)Nc2ccccc2)cc1I,C#Cc1ccccc1F,Cc1ccc(C(=O)Nc2ccccc2)cc1C#Cc1ccccc1F,1,1.0,1,5.0,1.0,6.712314358861069,5.887903290149459
8-5,22-25,Cc1ccc(C(=O)Nc2ccccc2)cc1I,C[Si](C)(C)C#Cc1cnc2nccn2c1,Cc1ccc(C(=O)Nc2ccccc2)cc1C#Cc1cnc2nccn2c1,1,0.8207531415001288,0,5.288656122014556,7.062012226657206,7.246211411823019,6.746568200377096
8-5,22-26,Cc1ccc(C(=O)Nc2ccccc2)cc1I,C[Si](C)(C)C#Cc1cncc2nc[nH]c12,Cc1ccc(C(=O)Nc2ccccc2)cc1C#Cc1cncc2nc[nH]c12,1,0.9861259029374656,0,5.673407290920806,7.060767442595487,7.373584197228168,5.938370932405172
8-5,22-27,Cc1ccc(C(=O)Nc2ccccc2)cc1I,C#Cc1cnc(C)s1,Cc1ncc(C#Cc2cc(C(=O)Nc3ccccc3)ccc2C)s1,1,1.0,1,5.096910013008056,1.0,7.716487556743949,7.636780699247752
16-1,22-1,Cc1ccc(NC(=O)c2ccc(CN3CCN(C)CC3)c(C(F)(F)F)c2)cc1I,C#Cc1cnc2ccc(C(=N)OC)cn12,COC(=N)c1ccc2ncc(C#Cc3cc(NC(=O)c4ccc(CN5CCN(C)CC5)c(C(F)(F)F)c4)ccc3C)n2c1,1,0.8419795421539681,0,7.420005775411013,7.1225665243035055,7.5650982435331455,7.806352119143597
16-1,22-2,Cc1ccc(NC(=O)c2ccc(CN3CCN(C)CC3)c(C(F)(F)F)c2)cc1I,C#Cc1cnc2ccccn12,Cc1ccc(NC(=O)c2ccc(CN3CCN(C)CC3)c(C(F)(F)F)c2)cc1C#Cc1cnc2ccccn12,1,1.0,1,8.045757490560675,1.0,7.623687533130017,7.752644689512761
16-1,22-3,Cc1ccc(NC(=O)c2ccc(CN3CCN(C)CC3)c(C(F)(F)F)c2)cc1I,C#Cc1cnc2ccc(C(F)(F)F)cn12,Cc1ccc(NC(=O)c2ccc(CN3CCN(C)CC3)c(C(F)(F)F)c2)cc1C#Cc1cnc2ccc(C(F)(F)F)cn12,1,1.0,1,7.619788758288394,1.0,7.540485342480155,7.625427136077174
16-1,22-4,Cc1ccc(NC(=O)c2ccc(CN3CCN(C)CC3)c(C(F)(F)F)c2)cc1I,C#Cc1cnc2cccnn12,Cc1ccc(NC(=O)c2ccc(CN3CCN(C)CC3)c(C(F)(F)F)c2)cc1C#Cc1cnc2cccnn12,1,1.0,1,7.346787486224656,1.0,7.66240284457478,7.673897995679524
16-1,22-5,Cc1ccc(NC(=O)c2ccc(CN3CCN(C)CC3)c(C(F)(F)F)c2)cc1I,C#Cc1cncc2nccn12,Cc1ccc(NC(=O)c2ccc(CN3CCN(C)CC3)c(C(F)(F)F)c2)cc1C#Cc1cncc2nccn12,0,0.0,1,9.259379983836151,7.33923345937726,7.327477420080632,7.1389207106566905
16-1,22-6,Cc1ccc(NC(=O)c2ccc(CN3CCN(C)CC3)c(C(F)(F)F)c2)cc1I,C#Cc1cnc2cnccn12,Cc1ccc(NC(=O)c2ccc(CN3CCN(C)CC3)c(C(F)(F)F)c2)cc1C#Cc1cnc2cnccn12,1,1.0,1,9.0,1.0,7.267272293864512,7.264510156207468
16-1,22-7,Cc1ccc(NC(=O)c2ccc(CN3CCN(C)CC3)c(C(F)(F)F)c2)cc1I,C#Cc1cncn1C,Cc1ccc(NC(=O)c2ccc(CN3CCN(C)CC3)c(C(F)(F)F)c2)cc1C#Cc1cncn1C,1,1.0,1,7.958607314841775,1.0,7.541237827290803,7.902507435013533
16-1,22-8,Cc1ccc(NC(=O)c2ccc(CN3CCN(C)CC3)c(C(F)(F)F)c2)cc1I,C#Cc1ccccn1,Cc1ccc(NC(=O)c2ccc(CN3CCN(C)CC3)c(C(F)(F)F)c2)cc1C#Cc1ccccn1,1,0.9842781971447956,0,5.874562095810406,7.103953265421729,7.455035672578113,7.033253701450997
16-1,22-9,Cc1ccc(NC(=O)c2ccc(CN3CCN(C)CC3)c(C(F)(F)F)c2)cc1I,C#Cc1cnccn1,Cc1ccc(NC(=O)c2ccc(CN3CCN(C)CC3)c(C(F)(F)F)c2)cc1C#Cc1cnccn1,0,0.0628668037193466,0,7.296047646991991,7.128618278470865,7.231921468051677,7.316974966759608
16-1,22-10,Cc1ccc(NC(=O)c2ccc(CN3CCN(C)CC3)c(C(F)(F)F)c2)cc1I,C#Cc1cnc2ccccc2n1,Cc1ccc(NC(=O)c2ccc(CN3CCN(C)CC3)c(C(F)(F)F)c2)cc1C#Cc1cnc2ccccc2n1,1,0.9876988524201714,0,7.373149452316322,7.1340525434656215,7.467520607571105,7.380113914533334
16-1,22-11,Cc1ccc(NC(=O)c2ccc(CN3CCN(C)CC3)c(C(F)(F)F)c2)cc1I,C#Cc1cnc2[nH]ccc2n1,Cc1ccc(NC(=O)c2ccc(CN3CCN(C)CC3)c(C(F)(F)F)c2)cc1C#Cc1cnc2[nH]ccc2n1,1,0.9840750491012802,0,7.325938188035515,7.107006488464632,7.602593091733746,7.081016828903504
16-1,22-12,Cc1ccc(NC(=O)c2ccc(CN3CCN(C)CC3)c(C(F)(F)F)c2)cc1I,C#Cc1cnc2cccnc2c1,Cc1ccc(NC(=O)c2ccc(CN3CCN(C)CC3)c(C(F)(F)F)c2)cc1C#Cc1cnc2cccnc2c1,1,0.945384217335908,0,7.29759672744246,7.136954465331602,7.249427409779027,7.733141254355997
16-1,22-13,Cc1ccc(NC(=O)c2ccc(CN3CCN(C)CC3)c(C(F)(F)F)c2)cc1I,C#Cc1cnc2scnc2c1,Cc1ccc(NC(=O)c2ccc(CN3CCN(C)CC3)c(C(F)(F)F)c2)cc1C#Cc1cnc2scnc2c1,1,0.9840750491012802,0,7.080477871821223,7.179592689245841,6.799375941830206,6.911335539298914
16-1,22-14,Cc1ccc(NC(=O)c2ccc(CN3CCN(C)CC3)c(C(F)(F)F)c2)cc1I,C#Cc1cnc2cn[nH]c2c1,Cc1ccc(NC(=O)c2ccc(CN3CCN(C)CC3)c(C(F)(F)F)c2)cc1C#Cc1cnc2cn[nH]c2c1,0,0.0,1,7.509245302768607,7.123083909844198,7.497355087722999,7.828269911262707
16-1,22-15,Cc1ccc(NC(=O)c2ccc(CN3CCN(C)CC3)c(C(F)(F)F)c2)cc1I,C#Cc1cccnc1,Cc1ccc(NC(=O)c2ccc(CN3CCN(C)CC3)c(C(F)(F)F)c2)cc1C#Cc1cccnc1,1,0.8175159427733314,0,7.2089528606909425,7.144183286314016,7.392230515756429,7.665007843268951
16-1,22-16,Cc1ccc(NC(=O)c2ccc(CN3CCN(C)CC3)c(C(F)(F)F)c2)cc1I,C#Cc1ccncc1,Cc1ccc(NC(=O)c2ccc(CN3CCN(C)CC3)c(C(F)(F)F)c2)cc1C#Cc1ccncc1,1,0.9664246865823124,0,5.900373730081353,7.099731620633452,7.000124279235306,7.223784474760633
16-1,22-17,Cc1ccc(NC(=O)c2ccc(CN3CCN(C)CC3)c(C(F)(F)F)c2)cc1I,C#Cc1ccccc1,Cc1ccc(NC(=O)c2ccc(CN3CCN(C)CC3)c(C(F)(F)F)c2)cc1C#Cc1ccccc1,1,0.9876988524201714,0,5.9208726634293285,7.126794771654594,7.244292685995356,7.263919659548881
16-1,22-18,Cc1ccc(NC(=O)c2ccc(CN3CCN(C)CC3)c(C(F)(F)F)c2)cc1I,C#Cc1cccc(C#N)c1,Cc1ccc(NC(=O)c2ccc(CN3CCN(C)CC3)c(C(F)(F)F)c2)cc1C#Cc1cccc(C#N)c1,1,0.66898267431585,0,5.934447857077945,7.110602331489929,7.108245626769744,7.236193851510025
16-1,22-19,Cc1ccc(NC(=O)c2ccc(CN3CCN(C)CC3)c(C(F)(F)F)c2)cc1I,C#Cc1cccc(F)c1,Cc1ccc(NC(=O)c2ccc(CN3CCN(C)CC3)c(C(F)(F)F)c2)cc1C#Cc1cccc(F)c1,1,0.9840750491012802,0,5.905133755035312,7.115520600143313,7.323468039076941,7.347629618171615
16-1,22-20,Cc1ccc(NC(=O)c2ccc(CN3CCN(C)CC3)c(C(F)(F)F)c2)cc1I,C#Cc1ccc(F)cc1,Cc1ccc(NC(=O)c2ccc(CN3CCN(C)CC3)c(C(F)(F)F)c2)cc1C#Cc1ccc(F)cc1,1,1.0,1,5.769551078621726,1.0,7.38180431536422,7.195362966635512
16-1,22-21,Cc1ccc(NC(=O)c2ccc(CN3CCN(C)CC3)c(C(F)(F)F)c2)cc1I,C#Cc1cncnc1,Cc1ccc(NC(=O)c2ccc(CN3CCN(C)CC3)c(C(F)(F)F)c2)cc1C#Cc1cncnc1,1,0.9824217149827358,0,7.296332001960221,7.131216547465242,7.45128008864814,7.81903298860958
16-1,22-22,Cc1ccc(NC(=O)c2ccc(CN3CCN(C)CC3)c(C(F)(F)F)c2)cc1I,C#Cc1cnc(Nc2ccccc2)nc1,Cc1ccc(NC(=O)c2ccc(CN3CCN(C)CC3)c(C(F)(F)F)c2)cc1C#Cc1cnc(Nc2ccccc2)nc1,1,0.8125629332195097,0,7.317565007128988,7.148477765027915,7.536597943674725,7.65863447461835
16-1,22-23,Cc1ccc(NC(=O)c2ccc(CN3CCN(C)CC3)c(C(F)(F)F)c2)cc1I,C#Cc1ccc(N)nc1,Cc1ccc(NC(=O)c2ccc(CN3CCN(C)CC3)c(C(F)(F)F)c2)cc1C#Cc1ccc(N)nc1,1,0.9855714145331566,0,7.185690303166481,7.131845423440205,7.390211539372136,7.359793610239803
16-1,22-24,Cc1ccc(NC(=O)c2ccc(CN3CCN(C)CC3)c(C(F)(F)F)c2)cc1I,C#Cc1ccccc1F,Cc1ccc(NC(=O)c2ccc(CN3CCN(C)CC3)c(C(F)(F)F)c2)cc1C#Cc1ccccc1F,1,0.9876988524201714,0,5.963567261718478,7.100432203906163,7.385267911532235,7.421275102691599
16-1,22-25,Cc1ccc(NC(=O)c2ccc(CN3CCN(C)CC3)c(C(F)(F)F)c2)cc1I,C[Si](C)(C)C#Cc1cnc2nccn2c1,Cc1ccc(NC(=O)c2ccc(CN3CCN(C)CC3)c(C(F)(F)F)c2)cc1C#Cc1cnc2nccn2c1,0,0.0,1,7.271296431454467,7.133343830974623,7.324333172167641,7.657173118794128
16-1,22-26,Cc1ccc(NC(=O)c2ccc(CN3CCN(C)CC3)c(C(F)(F)F)c2)cc1I,C[Si](C)(C)C#Cc1cncc2nc[nH]c12,Cc1ccc(NC(=O)c2ccc(CN3CCN(C)CC3)c(C(F)(F)F)c2)cc1C#Cc1cncc2nc[nH]c12,1,1.0,1,7.795880017344075,1.0,7.314721231449335,7.298445203209167
16-1,22-27,Cc1ccc(NC(=O)c2ccc(CN3CCN(C)CC3)c(C(F)(F)F)c2)cc1I,C#Cc1cnc(C)s1,Cc1ncc(C#Cc2cc(NC(=O)c3ccc(CN4CCN(C)CC4)c(C(F)(F)F)c3)ccc2C)s1,0,0.2021605132473698,0,7.277226061010096,7.164682602154363,7.700706394849129,7.95361262238156
16-2,22-1,Cc1ccc(NC(=O)c2ccc(CN3CCN(CCO)CC3)c(C(F)(F)F)c2)cc1I,C#Cc1cnc2ccc(C(=N)OC)cn12,COC(=N)c1ccc2ncc(C#Cc3cc(NC(=O)c4ccc(CN5CCN(CCO)CC5)c(C(F)(F)F)c4)ccc3C)n2c1,1,0.9391404672075736,0,7.287661151367466,7.100879964874832,7.808381050271157,7.853738936094897
16-2,22-2,Cc1ccc(NC(=O)c2ccc(CN3CCN(CCO)CC3)c(C(F)(F)F)c2)cc1I,C#Cc1cnc2ccccn12,Cc1ccc(NC(=O)c2ccc(CN3CCN(CCO)CC3)c(C(F)(F)F)c2)cc1C#Cc1cnc2ccccn12,1,1.0,1,7.568636235841013,1.0,7.881275246409017,7.856684709198529
16-2,22-3,Cc1ccc(NC(=O)c2ccc(CN3CCN(CCO)CC3)c(C(F)(F)F)c2)cc1I,C#Cc1cnc2ccc(C(F)(F)F)cn12,Cc1ccc(NC(=O)c2ccc(CN3CCN(CCO)CC3)c(C(F)(F)F)c2)cc1C#Cc1cnc2ccc(C(F)(F)F)cn12,1,0.9649135347901644,0,7.3980118495335265,7.098386359254159,7.75729494839042,7.67414650406954
16-2,22-4,Cc1ccc(NC(=O)c2ccc(CN3CCN(CCO)CC3)c(C(F)(F)F)c2)cc1I,C#Cc1cnc2cccnn12,Cc1ccc(NC(=O)c2ccc(CN3CCN(CCO)CC3)c(C(F)(F)F)c2)cc1C#Cc1cnc2cccnn12,1,1.0,1,7.522878745280337,1.0,7.916324180531413,7.769376122330233
16-2,22-5,Cc1ccc(NC(=O)c2ccc(CN3CCN(CCO)CC3)c(C(F)(F)F)c2)cc1I,C#Cc1cncc2nccn12,Cc1ccc(NC(=O)c2ccc(CN3CCN(CCO)CC3)c(C(F)(F)F)c2)cc1C#Cc1cncc2nccn12,1,1.0,1,8.301029995663981,1.0,7.670110024717094,7.233571131600553
16-2,22-6,Cc1ccc(NC(=O)c2ccc(CN3CCN(CCO)CC3)c(C(F)(F)F)c2)cc1I,C#Cc1cnc2cnccn12,Cc1ccc(NC(=O)c2ccc(CN3CCN(CCO)CC3)c(C(F)(F)F)c2)cc1C#Cc1cnc2cnccn12,1,1.0,1,8.698970004336019,1.0,7.617482401306353,7.352076738285137
16-2,22-7,Cc1ccc(NC(=O)c2ccc(CN3CCN(CCO)CC3)c(C(F)(F)F)c2)cc1I,C#Cc1cncn1C,Cc1ccc(NC(=O)c2ccc(CN3CCN(CCO)CC3)c(C(F)(F)F)c2)cc1C#Cc1cncn1C,1,1.0,1,7.292429823902063,1.0,7.827175642721486,7.916145316305501
16-2,22-8,Cc1ccc(NC(=O)c2ccc(CN3CCN(CCO)CC3)c(C(F)(F)F)c2)cc1I,C#Cc1ccccn1,Cc1ccc(NC(=O)c2ccc(CN3CCN(CCO)CC3)c(C(F)(F)F)c2)cc1C#Cc1ccccn1,1,1.0,1,5.221848749616356,1.0,7.741693838490346,7.135811694844347
16-2,22-9,Cc1ccc(NC(=O)c2ccc(CN3CCN(CCO)CC3)c(C(F)(F)F)c2)cc1I,C#Cc1cnccn1,Cc1ccc(NC(=O)c2ccc(CN3CCN(CCO)CC3)c(C(F)(F)F)c2)cc1C#Cc1cnccn1,0,0.0628668037193466,0,7.230879376775779,7.129755807006613,7.601639322045711,7.373571325706539
16-2,22-10,Cc1ccc(NC(=O)c2ccc(CN3CCN(CCO)CC3)c(C(F)(F)F)c2)cc1I,C#Cc1cnc2ccccc2n1,Cc1ccc(NC(=O)c2ccc(CN3CCN(CCO)CC3)c(C(F)(F)F)c2)cc1C#Cc1cnc2ccccc2n1,1,0.9876988524201714,0,7.284334790344211,7.092074486353639,7.741678020705291,7.554441971665337
16-2,22-11,Cc1ccc(NC(=O)c2ccc(CN3CCN(CCO)CC3)c(C(F)(F)F)c2)cc1I,C#Cc1cnc2[nH]ccc2n1,Cc1ccc(NC(=O)c2ccc(CN3CCN(CCO)CC3)c(C(F)(F)F)c2)cc1C#Cc1cnc2[nH]ccc2n1,1,0.9840750491012802,0,7.263844457090946,7.09826688615794,7.862283572907059,7.190132875410489
16-2,22-12,Cc1ccc(NC(=O)c2ccc(CN3CCN(CCO)CC3)c(C(F)(F)F)c2)cc1I,C#Cc1cnc2cccnc2c1,Cc1ccc(NC(=O)c2ccc(CN3CCN(CCO)CC3)c(C(F)(F)F)c2)cc1C#Cc1cnc2cccnc2c1,1,0.945384217335908,0,7.26646608602294,7.083806266676007,7.626598290585239,7.85089535840305
16-2,22-13,Cc1ccc(NC(=O)c2ccc(CN3CCN(CCO)CC3)c(C(F)(F)F)c2)cc1I,C#Cc1cnc2scnc2c1,Cc1ccc(NC(=O)c2ccc(CN3CCN(CCO)CC3)c(C(F)(F)F)c2)cc1C#Cc1cnc2scnc2c1,1,1.0,1,7.221848749616356,1.0,7.248415890925286,6.991557375695888
16-2,22-14,Cc1ccc(NC(=O)c2ccc(CN3CCN(CCO)CC3)c(C(F)(F)F)c2)cc1I,C#Cc1cnc2cn[nH]c2c1,Cc1ccc(NC(=O)c2ccc(CN3CCN(CCO)CC3)c(C(F)(F)F)c2)cc1C#Cc1cnc2cn[nH]c2c1,0,0.1762626582004882,0,7.4932020639447074,7.086807377565919,7.79686313770503,7.867222791547367
16-2,22-15,Cc1ccc(NC(=O)c2ccc(CN3CCN(CCO)CC3)c(C(F)(F)F)c2)cc1I,C#Cc1cccnc1,Cc1ccc(NC(=O)c2ccc(CN3CCN(CCO)CC3)c(C(F)(F)F)c2)cc1C#Cc1cccnc1,1,0.8175159427733314,0,7.1957323431876095,7.091121006497062,7.721795777404234,7.746984066371826
16-2,22-16,Cc1ccc(NC(=O)c2ccc(CN3CCN(CCO)CC3)c(C(F)(F)F)c2)cc1I,C#Cc1ccncc1,Cc1ccc(NC(=O)c2ccc(CN3CCN(CCO)CC3)c(C(F)(F)F)c2)cc1C#Cc1ccncc1,1,0.9664246865823124,0,5.400174828205788,7.10498867092235,7.455998562430503,7.328514949787005
16-2,22-17,Cc1ccc(NC(=O)c2ccc(CN3CCN(CCO)CC3)c(C(F)(F)F)c2)cc1I,C#Cc1ccccc1,Cc1ccc(NC(=O)c2ccc(CN3CCN(CCO)CC3)c(C(F)(F)F)c2)cc1C#Cc1ccccc1,1,0.9876988524201714,0,5.398922714059602,7.138642949327186,7.596637838163178,7.446373293154078
16-2,22-18,Cc1ccc(NC(=O)c2ccc(CN3CCN(CCO)CC3)c(C(F)(F)F)c2)cc1I,C#Cc1cccc(C#N)c1,Cc1ccc(NC(=O)c2ccc(CN3CCN(CCO)CC3)c(C(F)(F)F)c2)cc1C#Cc1cccc(C#N)c1,0,0.0,1,5.399146095224303,7.125888979671376,7.523148907557514,7.374885867216547
16-2,22-19,Cc1ccc(NC(=O)c2ccc(CN3CCN(CCO)CC3)c(C(F)(F)F)c2)cc1I,C#Cc1cccc(F)c1,Cc1ccc(NC(=O)c2ccc(CN3CCN(CCO)CC3)c(C(F)(F)F)c2)cc1C#Cc1cccc(F)c1,1,0.9840750491012802,0,5.436687729977288,7.098465583612748,7.687342575267618,7.487256316970756
16-2,22-20,Cc1ccc(NC(=O)c2ccc(CN3CCN(CCO)CC3)c(C(F)(F)F)c2)cc1I,C#Cc1ccc(F)cc1,Cc1ccc(NC(=O)c2ccc(CN3CCN(CCO)CC3)c(C(F)(F)F)c2)cc1C#Cc1ccc(F)cc1,1,0.9840750491012802,0,5.417467604371658,7.139009541561655,7.708451979433536,7.338157029042479
16-2,22-21,Cc1ccc(NC(=O)c2ccc(CN3CCN(CCO)CC3)c(C(F)(F)F)c2)cc1I,C#Cc1cncnc1,Cc1ccc(NC(=O)c2ccc(CN3CCN(CCO)CC3)c(C(F)(F)F)c2)cc1C#Cc1cncnc1,1,0.9824217149827358,0,7.269926126469243,7.1125478282551535,7.792268926162015,7.81403189223557
16-2,22-22,Cc1ccc(NC(=O)c2ccc(CN3CCN(CCO)CC3)c(C(F)(F)F)c2)cc1I,C#Cc1cnc(Nc2ccccc2)nc1,Cc1ccc(NC(=O)c2ccc(CN3CCN(CCO)CC3)c(C(F)(F)F)c2)cc1C#Cc1cnc(Nc2ccccc2)nc1,1,0.8125629332195097,0,7.247610667947304,7.091431868082479,7.810294289749949,7.698099026119449
16-2,22-23,Cc1ccc(NC(=O)c2ccc(CN3CCN(CCO)CC3)c(C(F)(F)F)c2)cc1I,C#Cc1ccc(N)nc1,Cc1ccc(NC(=O)c2ccc(CN3CCN(CCO)CC3)c(C(F)(F)F)c2)cc1C#Cc1ccc(N)nc1,1,0.9855714145331566,0,7.173720059414228,7.099982981000846,7.692782895808497,7.39294938830341
16-2,22-24,Cc1ccc(NC(=O)c2ccc(CN3CCN(CCO)CC3)c(C(F)(F)F)c2)cc1I,C#Cc1ccccc1F,Cc1ccc(NC(=O)c2ccc(CN3CCN(CCO)CC3)c(C(F)(F)F)c2)cc1C#Cc1ccccc1F,1,0.9876988524201714,0,5.416499485061179,7.101493209143293,7.694389327258253,7.585239658089537
16-2,22-25,Cc1ccc(NC(=O)c2ccc(CN3CCN(CCO)CC3)c(C(F)(F)F)c2)cc1I,C[Si](C)(C)C#Cc1cnc2nccn2c1,Cc1ccc(NC(=O)c2ccc(CN3CCN(CCO)CC3)c(C(F)(F)F)c2)cc1C#Cc1cnc2nccn2c1,0,0.0,1,7.307536659362432,7.102012112066114,7.681702181121182,7.664205242925527
16-2,22-26,Cc1ccc(NC(=O)c2ccc(CN3CCN(CCO)CC3)c(C(F)(F)F)c2)cc1I,C[Si](C)(C)C#Cc1cncc2nc[nH]c12,Cc1ccc(NC(=O)c2ccc(CN3CCN(CCO)CC3)c(C(F)(F)F)c2)cc1C#Cc1cncc2nc[nH]c12,1,1.0,1,7.769551078621726,1.0,7.654657046236521,7.397902819194792
16-2,22-27,Cc1ccc(NC(=O)c2ccc(CN3CCN(CCO)CC3)c(C(F)(F)F)c2)cc1I,C#Cc1cnc(C)s1,Cc1ncc(C#Cc2cc(NC(=O)c3ccc(CN4CCN(CCO)CC4)c(C(F)(F)F)c3)ccc2C)s1,0,0.2021605132473698,0,7.147176624989141,7.1135524739537725,7.979949582134857,7.969328039984356
16-3,22-1,Cc1ccc(NC(=O)c2ccc(CN3CCC(O)CC3)c(C(F)(F)F)c2)cc1I,C#Cc1cnc2ccc(C(=N)OC)cn12,COC(=N)c1ccc2ncc(C#Cc3cc(NC(=O)c4ccc(CN5CCC(O)CC5)c(C(F)(F)F)c4)ccc3C)n2c1,0,0.0,1,6.673814230616592,7.076131393480461,7.55574159616552,7.970226588321939
16-3,22-2,Cc1ccc(NC(=O)c2ccc(CN3CCC(O)CC3)c(C(F)(F)F)c2)cc1I,C#Cc1cnc2ccccn12,Cc1ccc(NC(=O)c2ccc(CN3CCC(O)CC3)c(C(F)(F)F)c2)cc1C#Cc1cnc2ccccn12,1,0.9785506601259422,0,6.929254874912629,7.086910797068016,7.612952814677955,7.993126613323379
16-3,22-3,Cc1ccc(NC(=O)c2ccc(CN3CCC(O)CC3)c(C(F)(F)F)c2)cc1I,C#Cc1cnc2ccc(C(F)(F)F)cn12,Cc1ccc(NC(=O)c2ccc(CN3CCC(O)CC3)c(C(F)(F)F)c2)cc1C#Cc1cnc2ccc(C(F)(F)F)cn12,0,0.3799074287539365,0,6.781681879450717,7.087036249112002,7.528355595138056,7.785381697773887
16-3,22-4,Cc1ccc(NC(=O)c2ccc(CN3CCC(O)CC3)c(C(F)(F)F)c2)cc1I,C#Cc1cnc2cccnn12,Cc1ccc(NC(=O)c2ccc(CN3CCC(O)CC3)c(C(F)(F)F)c2)cc1C#Cc1cnc2cccnn12,1,0.9099357791817104,0,6.841310395544681,7.09100292523697,7.64866923082915,7.89892882164296
16-3,22-5,Cc1ccc(NC(=O)c2ccc(CN3CCC(O)CC3)c(C(F)(F)F)c2)cc1I,C#Cc1cncc2nccn12,Cc1ccc(NC(=O)c2ccc(CN3CCC(O)CC3)c(C(F)(F)F)c2)cc1C#Cc1cncc2nccn12,1,1.0,1,7.337242168318426,1.0,7.28435307918005,7.364251335537567
16-3,22-6,Cc1ccc(NC(=O)c2ccc(CN3CCC(O)CC3)c(C(F)(F)F)c2)cc1I,C#Cc1cnc2cnccn12,Cc1ccc(NC(=O)c2ccc(CN3CCC(O)CC3)c(C(F)(F)F)c2)cc1C#Cc1cnc2cnccn12,0,0.0,1,7.830933140852207,7.1055320902111445,7.223827856570423,7.484589286673306
16-3,22-7,Cc1ccc(NC(=O)c2ccc(CN3CCC(O)CC3)c(C(F)(F)F)c2)cc1I,C#Cc1cncn1C,Cc1ccc(NC(=O)c2ccc(CN3CCC(O)CC3)c(C(F)(F)F)c2)cc1C#Cc1cncn1C,1,0.9840750491012802,0,6.804313428285601,7.085705572218122,7.533056469853264,8.037899541591358
16-3,22-8,Cc1ccc(NC(=O)c2ccc(CN3CCC(O)CC3)c(C(F)(F)F)c2)cc1I,C#Cc1ccccn1,Cc1ccc(NC(=O)c2ccc(CN3CCC(O)CC3)c(C(F)(F)F)c2)cc1C#Cc1ccccn1,1,0.9842781971447956,0,4.936651083497541,7.04097293667578,7.441392904219622,7.269206825947277
16-3,22-9,Cc1ccc(NC(=O)c2ccc(CN3CCC(O)CC3)c(C(F)(F)F)c2)cc1I,C#Cc1cnccn1,Cc1ccc(NC(=O)c2ccc(CN3CCC(O)CC3)c(C(F)(F)F)c2)cc1C#Cc1cnccn1,0,0.0,1,6.606186626704935,7.078736589059028,7.1852064186923705,7.512217372759911
16-3,22-10,Cc1ccc(NC(=O)c2ccc(CN3CCC(O)CC3)c(C(F)(F)F)c2)cc1I,C#Cc1cnc2ccccc2n1,Cc1ccc(NC(=O)c2ccc(CN3CCC(O)CC3)c(C(F)(F)F)c2)cc1C#Cc1cnc2ccccc2n1,1,0.9876988524201714,0,6.804488043194049,7.0660000081081344,7.448576387424311,7.701486283401993
16-3,22-11,Cc1ccc(NC(=O)c2ccc(CN3CCC(O)CC3)c(C(F)(F)F)c2)cc1I,C#Cc1cnc2[nH]ccc2n1,Cc1ccc(NC(=O)c2ccc(CN3CCC(O)CC3)c(C(F)(F)F)c2)cc1C#Cc1cnc2[nH]ccc2n1,1,1.0,1,6.657577319177793,1.0,7.589474519071869,7.321308939198346
16-3,22-12,Cc1ccc(NC(=O)c2ccc(CN3CCC(O)CC3)c(C(F)(F)F)c2)cc1I,C#Cc1cnc2cccnc2c1,Cc1ccc(NC(=O)c2ccc(CN3CCC(O)CC3)c(C(F)(F)F)c2)cc1C#Cc1cnc2cccnc2c1,1,1.0,1,6.7447274948966935,1.0,7.192651251606884,7.98408914526261
16-3,22-13,Cc1ccc(NC(=O)c2ccc(CN3CCC(O)CC3)c(C(F)(F)F)c2)cc1I,C#Cc1cnc2scnc2c1,Cc1ccc(NC(=O)c2ccc(CN3CCC(O)CC3)c(C(F)(F)F)c2)cc1C#Cc1cnc2scnc2c1,1,0.9840750491012802,0,6.519481356907344,7.069950389176016,6.73781309567765,7.1055962137528725
16-3,22-14,Cc1ccc(NC(=O)c2ccc(CN3CCC(O)CC3)c(C(F)(F)F)c2)cc1I,C#Cc1cnc2cn[nH]c2c1,Cc1ccc(NC(=O)c2ccc(CN3CCC(O)CC3)c(C(F)(F)F)c2)cc1C#Cc1cnc2cn[nH]c2c1,0,0.1762626582004882,0,7.121360824457737,7.06330781294306,7.463883158270055,7.9822853383981425
16-3,22-15,Cc1ccc(NC(=O)c2ccc(CN3CCC(O)CC3)c(C(F)(F)F)c2)cc1I,C#Cc1cccnc1,Cc1ccc(NC(=O)c2ccc(CN3CCC(O)CC3)c(C(F)(F)F)c2)cc1C#Cc1cccnc1,1,0.6607801748243035,0,6.58644515524762,7.073129935630671,7.358798558273826,7.900283431467248
16-3,22-16,Cc1ccc(NC(=O)c2ccc(CN3CCC(O)CC3)c(C(F)(F)F)c2)cc1I,C#Cc1ccncc1,Cc1ccc(NC(=O)c2ccc(CN3CCC(O)CC3)c(C(F)(F)F)c2)cc1C#Cc1ccncc1,1,0.9664246865823124,0,5.008425254532741,7.038905076617535,6.94622962986629,7.4735638286210175
16-3,22-17,Cc1ccc(NC(=O)c2ccc(CN3CCC(O)CC3)c(C(F)(F)F)c2)cc1I,C#Cc1ccccc1,Cc1ccc(NC(=O)c2ccc(CN3CCC(O)CC3)c(C(F)(F)F)c2)cc1C#Cc1ccccc1,1,0.9876988524201714,0,5.008989113186417,7.026590349531224,7.214327780368044,7.606105955832145
16-3,22-18,Cc1ccc(NC(=O)c2ccc(CN3CCC(O)CC3)c(C(F)(F)F)c2)cc1I,C#Cc1cccc(C#N)c1,Cc1ccc(NC(=O)c2ccc(CN3CCC(O)CC3)c(C(F)(F)F)c2)cc1C#Cc1cccc(C#N)c1,1,0.66898267431585,0,5.023019143330813,7.036474017214626,7.061654483393365,7.5251411973558
16-3,22-19,Cc1ccc(NC(=O)c2ccc(CN3CCC(O)CC3)c(C(F)(F)F)c2)cc1I,C#Cc1cccc(F)c1,Cc1ccc(NC(=O)c2ccc(CN3CCC(O)CC3)c(C(F)(F)F)c2)cc1C#Cc1cccc(F)c1,1,0.9840750491012802,0,5.016545072227687,7.035669943263851,7.291740305431425,7.645235769154264
16-3,22-20,Cc1ccc(NC(=O)c2ccc(CN3CCC(O)CC3)c(C(F)(F)F)c2)cc1I,C#Cc1ccc(F)cc1,Cc1ccc(NC(=O)c2ccc(CN3CCC(O)CC3)c(C(F)(F)F)c2)cc1C#Cc1ccc(F)cc1,1,1.0,1,5.0,1.0,7.358000971400386,7.491050736199575
16-3,22-21,Cc1ccc(NC(=O)c2ccc(CN3CCC(O)CC3)c(C(F)(F)F)c2)cc1I,C#Cc1cncnc1,Cc1ccc(NC(=O)c2ccc(CN3CCC(O)CC3)c(C(F)(F)F)c2)cc1C#Cc1cncnc1,1,0.9824217149827358,0,6.574290927738818,7.068671378935807,7.40610043320841,7.942603129952094
16-3,22-22,Cc1ccc(NC(=O)c2ccc(CN3CCC(O)CC3)c(C(F)(F)F)c2)cc1I,C#Cc1cnc(Nc2ccccc2)nc1,Cc1ccc(NC(=O)c2ccc(CN3CCC(O)CC3)c(C(F)(F)F)c2)cc1C#Cc1cnc(Nc2ccccc2)nc1,1,0.6533767590719417,0,6.69188310301107,7.074262902272744,7.524347639160046,7.80700493572122
16-3,22-23,Cc1ccc(NC(=O)c2ccc(CN3CCC(O)CC3)c(C(F)(F)F)c2)cc1I,C#Cc1ccc(N)nc1,Cc1ccc(NC(=O)c2ccc(CN3CCC(O)CC3)c(C(F)(F)F)c2)cc1C#Cc1ccc(N)nc1,1,0.9855714145331566,0,6.6304334610703854,7.100196578044953,7.368842851783631,7.51925350757917
16-3,22-24,Cc1ccc(NC(=O)c2ccc(CN3CCC(O)CC3)c(C(F)(F)F)c2)cc1I,C#Cc1ccccc1F,Cc1ccc(NC(=O)c2ccc(CN3CCC(O)CC3)c(C(F)(F)F)c2)cc1C#Cc1ccccc1F,1,1.0,1,5.0,1.0,7.367770234953833,7.748756404762325
16-3,22-25,Cc1ccc(NC(=O)c2ccc(CN3CCC(O)CC3)c(C(F)(F)F)c2)cc1I,C[Si](C)(C)C#Cc1cnc2nccn2c1,Cc1ccc(NC(=O)c2ccc(CN3CCC(O)CC3)c(C(F)(F)F)c2)cc1C#Cc1cnc2nccn2c1,0,0.0182661595058242,0,6.584203532590825,7.093689778940136,7.274114162787916,7.794655102260807
16-3,22-26,Cc1ccc(NC(=O)c2ccc(CN3CCC(O)CC3)c(C(F)(F)F)c2)cc1I,C[Si](C)(C)C#Cc1cncc2nc[nH]c12,Cc1ccc(NC(=O)c2ccc(CN3CCC(O)CC3)c(C(F)(F)F)c2)cc1C#Cc1cncc2nc[nH]c12,1,0.9840750491012802,0,6.9449459103925495,7.056103694329857,7.2735362079975,7.536589088819671
16-3,22-27,Cc1ccc(NC(=O)c2ccc(CN3CCC(O)CC3)c(C(F)(F)F)c2)cc1I,C#Cc1cnc(C)s1,Cc1ncc(C#Cc2cc(NC(=O)c3ccc(CN4CCC(O)CC4)c(C(F)(F)F)c3)ccc2C)s1,0,0.1995595402072766,0,6.557953160792932,7.093493126124605,7.689629955238856,8.083462112595832
16-4,22-1,Cc1ccc(NC(=O)c2ccc(Cn3ccnc3)c(C(F)(F)F)c2)cc1I,C#Cc1cnc2ccc(C(=N)OC)cn12,COC(=N)c1ccc2ncc(C#Cc3cc(NC(=O)c4ccc(Cn5ccnc5)c(C(F)(F)F)c4)ccc3C)n2c1,0,0.0,1,6.773387331673886,7.061073676110683,7.555347077805842,7.066219916666819
16-4,22-2,Cc1ccc(NC(=O)c2ccc(Cn3ccnc3)c(C(F)(F)F)c2)cc1I,C#Cc1cnc2ccccn12,Cc1ccc(NC(=O)c2ccc(Cn3ccnc3)c(C(F)(F)F)c2)cc1C#Cc1cnc2ccccn12,1,0.9246117087141388,0,7.143567241297928,7.054706796113953,7.626455574263325,6.822166292137538
16-4,22-3,Cc1ccc(NC(=O)c2ccc(Cn3ccnc3)c(C(F)(F)F)c2)cc1I,C#Cc1cnc2ccc(C(F)(F)F)cn12,Cc1ccc(NC(=O)c2ccc(Cn3ccnc3)c(C(F)(F)F)c2)cc1C#Cc1cnc2ccc(C(F)(F)F)cn12,0,0.1848464801598511,0,6.8646370410982485,7.06118684562512,7.673269591656151,6.97304535172636
16-4,22-4,Cc1ccc(NC(=O)c2ccc(Cn3ccnc3)c(C(F)(F)F)c2)cc1I,C#Cc1cnc2cccnn12,Cc1ccc(NC(=O)c2ccc(Cn3ccnc3)c(C(F)(F)F)c2)cc1C#Cc1cnc2cccnn12,1,0.8500113063425211,0,6.889793545734591,7.0686111323453975,7.700286297278485,6.749871673691293
16-4,22-5,Cc1ccc(NC(=O)c2ccc(Cn3ccnc3)c(C(F)(F)F)c2)cc1I,C#Cc1cncc2nccn12,Cc1ccc(NC(=O)c2ccc(Cn3ccnc3)c(C(F)(F)F)c2)cc1C#Cc1cncc2nccn12,1,1.0,1,7.795880017344075,1.0,7.564019641595489,6.292136855822745
16-4,22-6,Cc1ccc(NC(=O)c2ccc(Cn3ccnc3)c(C(F)(F)F)c2)cc1I,C#Cc1cnc2cnccn12,Cc1ccc(NC(=O)c2ccc(Cn3ccnc3)c(C(F)(F)F)c2)cc1C#Cc1cnc2cnccn12,1,1.0,1,8.154901959985743,1.0,7.484692523278919,6.406095807919159
16-4,22-7,Cc1ccc(NC(=O)c2ccc(Cn3ccnc3)c(C(F)(F)F)c2)cc1I,C#Cc1cncn1C,Cc1ccc(NC(=O)c2ccc(Cn3ccnc3)c(C(F)(F)F)c2)cc1C#Cc1cncn1C,1,0.9066251645896628,0,6.895409174254598,7.059122785304889,7.546420075680922,7.186687578846913
16-4,22-8,Cc1ccc(NC(=O)c2ccc(Cn3ccnc3)c(C(F)(F)F)c2)cc1I,C#Cc1ccccn1,Cc1ccc(NC(=O)c2ccc(Cn3ccnc3)c(C(F)(F)F)c2)cc1C#Cc1ccccn1,1,0.9729074311940336,0,4.978183714717293,7.041704374987137,7.4705177215825715,6.167468518728757
16-4,22-9,Cc1ccc(NC(=O)c2ccc(Cn3ccnc3)c(C(F)(F)F)c2)cc1I,C#Cc1cnccn1,Cc1ccc(NC(=O)c2ccc(Cn3ccnc3)c(C(F)(F)F)c2)cc1C#Cc1cnccn1,0,0.0628668037193466,0,6.624360341204158,7.046710726852905,7.438702455734624,6.468934243335776
16-4,22-10,Cc1ccc(NC(=O)c2ccc(Cn3ccnc3)c(C(F)(F)F)c2)cc1I,C#Cc1cnc2ccccc2n1,Cc1ccc(NC(=O)c2ccc(Cn3ccnc3)c(C(F)(F)F)c2)cc1C#Cc1cnc2ccccc2n1,1,1.0,1,6.886056647693163,1.0,7.4966876056942,6.439056026385346
16-4,22-11,Cc1ccc(NC(=O)c2ccc(Cn3ccnc3)c(C(F)(F)F)c2)cc1I,C#Cc1cnc2[nH]ccc2n1,Cc1ccc(NC(=O)c2ccc(Cn3ccnc3)c(C(F)(F)F)c2)cc1C#Cc1cnc2[nH]ccc2n1,1,0.9066251645896628,0,6.672124170100374,7.050597015077248,7.626193725794512,6.238065070625665
16-4,22-12,Cc1ccc(NC(=O)c2ccc(Cn3ccnc3)c(C(F)(F)F)c2)cc1I,C#Cc1cnc2cccnc2c1,Cc1ccc(NC(=O)c2ccc(Cn3ccnc3)c(C(F)(F)F)c2)cc1C#Cc1cnc2cccnc2c1,1,0.9066251645896628,0,6.710875806071252,7.0605870378847415,7.45715689455499,6.808120824691924
16-4,22-13,Cc1ccc(NC(=O)c2ccc(Cn3ccnc3)c(C(F)(F)F)c2)cc1I,C#Cc1cnc2scnc2c1,Cc1ccc(NC(=O)c2ccc(Cn3ccnc3)c(C(F)(F)F)c2)cc1C#Cc1cnc2scnc2c1,1,0.9066251645896628,0,6.55583760837068,7.057889654290841,7.305801105073323,6.1392940921143175
16-4,22-14,Cc1ccc(NC(=O)c2ccc(Cn3ccnc3)c(C(F)(F)F)c2)cc1I,C#Cc1cnc2cn[nH]c2c1,Cc1ccc(NC(=O)c2ccc(Cn3ccnc3)c(C(F)(F)F)c2)cc1C#Cc1cnc2cn[nH]c2c1,0,0.0733826337058211,0,7.1291668111836906,7.050121447672139,7.632988319490963,7.012168589834249
16-4,22-15,Cc1ccc(NC(=O)c2ccc(Cn3ccnc3)c(C(F)(F)F)c2)cc1I,C#Cc1cccnc1,Cc1ccc(NC(=O)c2ccc(Cn3ccnc3)c(C(F)(F)F)c2)cc1C#Cc1cccnc1,1,0.7438076278121463,0,6.5905690925226175,7.053281936305333,7.496537977997735,6.716027954800367
16-4,22-16,Cc1ccc(NC(=O)c2ccc(Cn3ccnc3)c(C(F)(F)F)c2)cc1I,C#Cc1ccncc1,Cc1ccc(NC(=O)c2ccc(Cn3ccnc3)c(C(F)(F)F)c2)cc1C#Cc1ccncc1,1,1.0,1,5.0,1.0,7.23577267120482,6.3174982091116485
16-4,22-17,Cc1ccc(NC(=O)c2ccc(Cn3ccnc3)c(C(F)(F)F)c2)cc1I,C#Cc1ccccc1,Cc1ccc(NC(=O)c2ccc(Cn3ccnc3)c(C(F)(F)F)c2)cc1C#Cc1ccccc1,1,0.9729074311940336,0,5.021235383606546,7.032917726730846,7.2428914938692515,6.291131407228004
16-4,22-18,Cc1ccc(NC(=O)c2ccc(Cn3ccnc3)c(C(F)(F)F)c2)cc1I,C#Cc1cccc(C#N)c1,Cc1ccc(NC(=O)c2ccc(Cn3ccnc3)c(C(F)(F)F)c2)cc1C#Cc1cccc(C#N)c1,1,0.6709058149845379,0,5.030258887532627,7.036610990134811,7.07108412770148,6.334131264383663
16-4,22-19,Cc1ccc(NC(=O)c2ccc(Cn3ccnc3)c(C(F)(F)F)c2)cc1I,C#Cc1cccc(F)c1,Cc1ccc(NC(=O)c2ccc(Cn3ccnc3)c(C(F)(F)F)c2)cc1C#Cc1cccc(F)c1,1,0.9421226590384888,0,5.016308654136632,7.0334721683901416,7.356513030835973,6.414177074004375
16-4,22-20,Cc1ccc(NC(=O)c2ccc(Cn3ccnc3)c(C(F)(F)F)c2)cc1I,C#Cc1ccc(F)cc1,Cc1ccc(NC(=O)c2ccc(Cn3ccnc3)c(C(F)(F)F)c2)cc1C#Cc1ccc(F)cc1,1,0.9418815679465068,0,5.017641807085578,7.03577253418646,7.373683450266824,6.277256818223757
16-4,22-21,Cc1ccc(NC(=O)c2ccc(Cn3ccnc3)c(C(F)(F)F)c2)cc1I,C#Cc1cncnc1,Cc1ccc(NC(=O)c2ccc(Cn3ccnc3)c(C(F)(F)F)c2)cc1C#Cc1cncnc1,1,1.0,1,6.638272163982407,1.0,7.679365281507544,7.168094916912841
16-4,22-22,Cc1ccc(NC(=O)c2ccc(Cn3ccnc3)c(C(F)(F)F)c2)cc1I,C#Cc1cnc(Nc2ccccc2)nc1,Cc1ccc(NC(=O)c2ccc(Cn3ccnc3)c(C(F)(F)F)c2)cc1C#Cc1cnc(Nc2ccccc2)nc1,1,1.0,1,6.638272163982407,1.0,7.501624179656981,6.963883205263214
16-4,22-23,Cc1ccc(NC(=O)c2ccc(Cn3ccnc3)c(C(F)(F)F)c2)cc1I,C#Cc1ccc(N)nc1,Cc1ccc(NC(=O)c2ccc(Cn3ccnc3)c(C(F)(F)F)c2)cc1C#Cc1ccc(N)nc1,1,0.8579396421049864,0,6.629615395673064,7.074499628314658,7.460582798793753,6.59776721699939
16-4,22-24,Cc1ccc(NC(=O)c2ccc(Cn3ccnc3)c(C(F)(F)F)c2)cc1I,C#Cc1ccccc1F,Cc1ccc(NC(=O)c2ccc(Cn3ccnc3)c(C(F)(F)F)c2)cc1C#Cc1ccccc1F,1,0.9729074311940336,0,5.030409435679251,7.036006426165389,7.346708569148216,6.450324863774909
16-4,22-25,Cc1ccc(NC(=O)c2ccc(Cn3ccnc3)c(C(F)(F)F)c2)cc1I,C[Si](C)(C)C#Cc1cnc2nccn2c1,Cc1ccc(NC(=O)c2ccc(Cn3ccnc3)c(C(F)(F)F)c2)cc1C#Cc1cnc2nccn2c1,0,0.0182661595058242,0,6.620671420384377,7.052592741779197,7.54606260798894,6.96410498858894
16-4,22-26,Cc1ccc(NC(=O)c2ccc(Cn3ccnc3)c(C(F)(F)F)c2)cc1I,C[Si](C)(C)C#Cc1cncc2nc[nH]c12,Cc1ccc(NC(=O)c2ccc(Cn3ccnc3)c(C(F)(F)F)c2)cc1C#Cc1cncc2nc[nH]c12,1,0.6587948607983343,0,6.964595692504986,7.053923705841275,7.525311740284265,6.412776495526935
16-4,22-27,Cc1ccc(NC(=O)c2ccc(Cn3ccnc3)c(C(F)(F)F)c2)cc1I,C#Cc1cnc(C)s1,Cc1ncc(C#Cc2cc(NC(=O)c3ccc(Cn4ccnc4)c(C(F)(F)F)c3)ccc2C)s1,0,0.0,1,6.591353156984504,7.07028749893226,7.697484981795534,7.572000377467837
19,22-1,CN1CCN(Cc2ccc(NC(=O)Nc3cc(Br)n(C)n3)cc2C(F)(F)F)CC1,C#Cc1cnc2ccc(C(=N)OC)cn12,COC(=N)c1ccc2ncc(C#Cc3cc(NC(=O)Nc4ccc(CN5CCN(C)CC5)c(C(F)(F)F)c4)nn3C)n2c1,1,0.5933039602725395,0,5.737016067745871,7.096425838794047,7.66495456680977,7.860890763833156
19,22-2,CN1CCN(Cc2ccc(NC(=O)Nc3cc(Br)n(C)n3)cc2C(F)(F)F)CC1,C#Cc1cnc2ccccn12,CN1CCN(Cc2ccc(NC(=O)Nc3cc(C#Cc4cnc5ccccn45)n(C)n3)cc2C(F)(F)F)CC1,1,1.0,1,5.522878745280337,1.0,7.744214138909079,7.865560824201596
19,22-3,CN1CCN(Cc2ccc(NC(=O)Nc3cc(Br)n(C)n3)cc2C(F)(F)F)CC1,C#Cc1cnc2ccc(C(F)(F)F)cn12,CN1CCN(Cc2ccc(NC(=O)Nc3cc(C#Cc4cnc5ccc(C(F)(F)F)cn45)n(C)n3)cc2C(F)(F)F)CC1,1,0.6831037311965219,0,5.835478204596625,7.125585975213797,7.620167363442482,7.732024586301789
19,22-4,CN1CCN(Cc2ccc(NC(=O)Nc3cc(Br)n(C)n3)cc2C(F)(F)F)CC1,C#Cc1cnc2cccnn12,CN1CCN(Cc2ccc(NC(=O)Nc3cc(C#Cc4cnc5cccnn45)n(C)n3)cc2C(F)(F)F)CC1,1,1.0,1,7.568636235841013,1.0,7.788702514391144,7.793140527693844
19,22-5,CN1CCN(Cc2ccc(NC(=O)Nc3cc(Br)n(C)n3)cc2C(F)(F)F)CC1,C#Cc1cncc2nccn12,CN1CCN(Cc2ccc(NC(=O)Nc3cc(C#Cc4cncc5nccn45)n(C)n3)cc2C(F)(F)F)CC1,1,1.0,1,8.698970004336019,1.0,7.513536824336639,7.45847739485453
19,22-6,CN1CCN(Cc2ccc(NC(=O)Nc3cc(Br)n(C)n3)cc2C(F)(F)F)CC1,C#Cc1cnc2cnccn12,CN1CCN(Cc2ccc(NC(=O)Nc3cc(C#Cc4cnc5cnccn45)n(C)n3)cc2C(F)(F)F)CC1,1,1.0,1,9.397940008672036,1.0,7.446388046737877,7.553269308238332
19,22-7,CN1CCN(Cc2ccc(NC(=O)Nc3cc(Br)n(C)n3)cc2C(F)(F)F)CC1,C#Cc1cncn1C,CN1CCN(Cc2ccc(NC(=O)Nc3cc(C#Cc4cncn4C)n(C)n3)cc2C(F)(F)F)CC1,1,1.0,1,7.42021640338319,1.0,7.654935353751944,7.86756801921767
19,22-8,CN1CCN(Cc2ccc(NC(=O)Nc3cc(Br)n(C)n3)cc2C(F)(F)F)CC1,C#Cc1ccccn1,CN1CCN(Cc2ccc(NC(=O)Nc3cc(C#Cc4ccccn4)n(C)n3)cc2C(F)(F)F)CC1,1,0.9857748809005294,0,7.2052783530932905,7.051387125358901,7.563523162648363,7.372983991321072
19,22-9,CN1CCN(Cc2ccc(NC(=O)Nc3cc(Br)n(C)n3)cc2C(F)(F)F)CC1,C#Cc1cnccn1,CN1CCN(Cc2ccc(NC(=O)Nc3cc(C#Cc4cnccn4)n(C)n3)cc2C(F)(F)F)CC1,0,0.0,1,7.623206214745923,7.072351393357155,7.402558888135664,7.561628198764847
19,22-10,CN1CCN(Cc2ccc(NC(=O)Nc3cc(Br)n(C)n3)cc2C(F)(F)F)CC1,C#Cc1cnc2ccccc2n1,CN1CCN(Cc2ccc(NC(=O)Nc3cc(C#Cc4cnc5ccccc5n4)n(C)n3)cc2C(F)(F)F)CC1,1,1.0,1,7.638272163982407,1.0,7.590770081169399,7.6935758186295296
19,22-11,CN1CCN(Cc2ccc(NC(=O)Nc3cc(Br)n(C)n3)cc2C(F)(F)F)CC1,C#Cc1cnc2[nH]ccc2n1,CN1CCN(Cc2ccc(NC(=O)Nc3cc(C#Cc4cnc5[nH]ccc5n4)n(C)n3)cc2C(F)(F)F)CC1,1,1.0,1,8.045757490560675,1.0,7.727972764970706,7.404788784605185
19,22-12,CN1CCN(Cc2ccc(NC(=O)Nc3cc(Br)n(C)n3)cc2C(F)(F)F)CC1,C#Cc1cnc2cccnc2c1,CN1CCN(Cc2ccc(NC(=O)Nc3cc(C#Cc4cnc5cccnc5c4)n(C)n3)cc2C(F)(F)F)CC1,1,0.9503326226610654,0,7.495568434559601,7.063106888988773,7.453487168422274,7.847016406214747
19,22-13,CN1CCN(Cc2ccc(NC(=O)Nc3cc(Br)n(C)n3)cc2C(F)(F)F)CC1,C#Cc1cnc2scnc2c1,CN1CCN(Cc2ccc(NC(=O)Nc3cc(C#Cc4cnc5scnc5c4)n(C)n3)cc2C(F)(F)F)CC1,1,1.0,1,6.958607314841775,1.0,7.079192096316468,7.23581719393006
19,22-14,CN1CCN(Cc2ccc(NC(=O)Nc3cc(Br)n(C)n3)cc2C(F)(F)F)CC1,C#Cc1cnc2cn[nH]c2c1,CN1CCN(Cc2ccc(NC(=O)Nc3cc(C#Cc4cnc5cn[nH]c5c4)n(C)n3)cc2C(F)(F)F)CC1,1,1.0,1,8.221848749616356,1.0,7.654086608456571,7.804045433724532
19,22-15,CN1CCN(Cc2ccc(NC(=O)Nc3cc(Br)n(C)n3)cc2C(F)(F)F)CC1,C#Cc1cccnc1,CN1CCN(Cc2ccc(NC(=O)Nc3cc(C#Cc4cccnc4)n(C)n3)cc2C(F)(F)F)CC1,1,1.0,1,7.481486060122112,1.0,7.542596019266996,7.790056925759375
19,22-16,CN1CCN(Cc2ccc(NC(=O)Nc3cc(Br)n(C)n3)cc2C(F)(F)F)CC1,C#Cc1ccncc1,CN1CCN(Cc2ccc(NC(=O)Nc3cc(C#Cc4ccncc4)n(C)n3)cc2C(F)(F)F)CC1,1,0.9695281882414024,0,7.303720152198237,7.06189144323982,7.208907766443114,7.507792118608081
19,22-17,CN1CCN(Cc2ccc(NC(=O)Nc3cc(Br)n(C)n3)cc2C(F)(F)F)CC1,C#Cc1ccccc1,CN1CCN(Cc2ccc(NC(=O)Nc3cc(C#Cc4ccccc4)n(C)n3)cc2C(F)(F)F)CC1,1,0.9888585674232212,0,7.170710118101356,7.059996156001568,7.383422432024557,7.627780638564127
19,22-18,CN1CCN(Cc2ccc(NC(=O)Nc3cc(Br)n(C)n3)cc2C(F)(F)F)CC1,C#Cc1cccc(C#N)c1,CN1CCN(Cc2ccc(NC(=O)Nc3cc(C#Cc4cccc(C#N)c4)n(C)n3)cc2C(F)(F)F)CC1,1,0.7251967342903392,0,7.202787594335185,7.05308403605186,7.263904566299159,7.578226276211017
19,22-19,CN1CCN(Cc2ccc(NC(=O)Nc3cc(Br)n(C)n3)cc2C(F)(F)F)CC1,C#Cc1cccc(F)c1,CN1CCN(Cc2ccc(NC(=O)Nc3cc(C#Cc4cccc(F)c4)n(C)n3)cc2C(F)(F)F)CC1,1,0.9855714145331566,0,7.234018740376882,7.051716005986699,7.493506877123786,7.665668141322002
19,22-20,CN1CCN(Cc2ccc(NC(=O)Nc3cc(Br)n(C)n3)cc2C(F)(F)F)CC1,C#Cc1ccc(F)cc1,CN1CCN(Cc2ccc(NC(=O)Nc3cc(C#Cc4ccc(F)cc4)n(C)n3)cc2C(F)(F)F)CC1,1,1.0,1,7.376750709602099,1.0,7.525187834301336,7.548764765872678
19,22-21,CN1CCN(Cc2ccc(NC(=O)Nc3cc(Br)n(C)n3)cc2C(F)(F)F)CC1,C#Cc1cncnc1,CN1CCN(Cc2ccc(NC(=O)Nc3cc(C#Cc4cncnc4)n(C)n3)cc2C(F)(F)F)CC1,1,1.0,1,8.154901959985743,1.0,7.643421003750018,7.828635578015368
19,22-22,CN1CCN(Cc2ccc(NC(=O)Nc3cc(Br)n(C)n3)cc2C(F)(F)F)CC1,C#Cc1cnc(Nc2ccccc2)nc1,CN1CCN(Cc2ccc(NC(=O)Nc3cc(C#Cc4cnc(Nc5ccccc5)nc4)n(C)n3)cc2C(F)(F)F)CC1,1,0.8059424282266837,0,7.762365584465234,7.084656762767194,7.672895308661138,7.729188104442308
19,22-23,CN1CCN(Cc2ccc(NC(=O)Nc3cc(Br)n(C)n3)cc2C(F)(F)F)CC1,C#Cc1ccc(N)nc1,CN1CCN(Cc2ccc(NC(=O)Nc3cc(C#Cc4ccc(N)nc4)n(C)n3)cc2C(F)(F)F)CC1,1,0.9855714145331566,0,7.493321473847263,7.067723661744325,7.518849747581671,7.5655778007623535
19,22-24,CN1CCN(Cc2ccc(NC(=O)Nc3cc(Br)n(C)n3)cc2C(F)(F)F)CC1,C#Cc1ccccc1F,CN1CCN(Cc2ccc(NC(=O)Nc3cc(C#Cc4ccccc4F)n(C)n3)cc2C(F)(F)F)CC1,1,0.9888585674232212,0,7.109971639416722,7.062333579633926,7.512138090379833,7.742078917991974
19,22-25,CN1CCN(Cc2ccc(NC(=O)Nc3cc(Br)n(C)n3)cc2C(F)(F)F)CC1,C[Si](C)(C)C#Cc1cnc2nccn2c1,CN1CCN(Cc2ccc(NC(=O)Nc3cc(C#Cc4cnc5nccn5c4)n(C)n3)cc2C(F)(F)F)CC1,0,0.0,1,7.683009556776932,7.071300833853806,7.526329707379212,7.741730528048553
19,22-26,CN1CCN(Cc2ccc(NC(=O)Nc3cc(Br)n(C)n3)cc2C(F)(F)F)CC1,C[Si](C)(C)C#Cc1cncc2nc[nH]c12,CN1CCN(Cc2ccc(NC(=O)Nc3cc(C#Cc4cncc5nc[nH]c45)n(C)n3)cc2C(F)(F)F)CC1,1,1.0,1,8.522878745280337,1.0,7.491509489878554,7.585321491547578
19,22-27,CN1CCN(Cc2ccc(NC(=O)Nc3cc(Br)n(C)n3)cc2C(F)(F)F)CC1,C#Cc1cnc(C)s1,Cc1ncc(C#Cc2cc(NC(=O)Nc3ccc(CN4CCN(C)CC4)c(C(F)(F)F)c3)nn2C)s1,0,0.0,1,7.527763951771799,7.077819981573905,7.828613208628089,7.859309550144848
