template_name,alkyne_name,template_smi,alkyne_smi,molecule_smi,synthesis_order,abl1_ic50_nM,abl2_ic50_nM,synthesis_success,abl1_pIC50
8-1,22-2,Cc1ccc(C(=O)Nc2ccc(CN3CCN(C)CC3)c(C(F)(F)F)c2)cc1I,C#Cc1cnc2ccccn12,Cc1ccc(C(=O)Nc2ccc(CN3CCN(C)CC3)c(C(F)(F)F)c2)cc1C#Cc1cnc2ccccn12,0.0,9.0,,yes,8.045757490560675
8-1,22-3,Cc1ccc(C(=O)Nc2ccc(CN3CCN(C)CC3)c(C(F)(F)F)c2)cc1I,C#Cc1cnc2ccc(C(F)(F)F)cn12,Cc1ccc(C(=O)Nc2ccc(CN3CCN(C)CC3)c(C(F)(F)F)c2)cc1C#Cc1cnc2ccc(C(F)(F)F)cn12,80.0,,,no,
8-1,22-4,Cc1ccc(C(=O)Nc2ccc(CN3CCN(C)CC3)c(C(F)(F)F)c2)cc1I,C#Cc1cnc2cccnn12,Cc1ccc(C(=O)Nc2ccc(CN3CCN(C)CC3)c(C(F)(F)F)c2)cc1C#Cc1cnc2cccnn12,0.0,8.6,,yes,8.065501548756432
8-1,22-5,Cc1ccc(C(=O)Nc2ccc(CN3CCN(C)CC3)c(C(F)(F)F)c2)cc1I,C#Cc1cncc2nccn12,Cc1ccc(C(=O)Nc2ccc(CN3CCN(C)CC3)c(C(F)(F)F)c2)cc1C#Cc1cncc2nccn12,26.0,0.2,2.3,yes,9.698970004336019
8-1,22-6,Cc1ccc(C(=O)Nc2ccc(CN3CCN(C)CC3)c(C(F)(F)F)c2)cc1I,C#Cc1cnc2cnccn12,Cc1ccc(C(=O)Nc2ccc(CN3CCN(C)CC3)c(C(F)(F)F)c2)cc1C#Cc1cnc2cnccn12,0.0,2.3,,yes,8.638272163982407
8-1,22-7,Cc1ccc(C(=O)Nc2ccc(CN3CCN(C)CC3)c(C(F)(F)F)c2)cc1I,C#Cc1cncn1C,Cc1ccc(C(=O)Nc2ccc(CN3CCN(C)CC3)c(C(F)(F)F)c2)cc1C#Cc1cncn1C,48.0,90.0,120.0,yes,7.045757490560675
8-1,22-14,Cc1ccc(C(=O)Nc2ccc(CN3CCN(C)CC3)c(C(F)(F)F)c2)cc1I,C#Cc1cnc2cn[nH]c2c1,Cc1ccc(C(=O)Nc2ccc(CN3CCN(C)CC3)c(C(F)(F)F)c2)cc1C#Cc1cnc2cn[nH]c2c1,57.0,,,no,
8-1,22-23,Cc1ccc(C(=O)Nc2ccc(CN3CCN(C)CC3)c(C(F)(F)F)c2)cc1I,C#Cc1ccc(N)nc1,Cc1ccc(C(=O)Nc2ccc(CN3CCN(C)CC3)c(C(F)(F)F)c2)cc1C#Cc1ccc(N)nc1,83.0,88.0,190.0,yes,7.055517327849832
8-1,22-25,Cc1ccc(C(=O)Nc2ccc(CN3CCN(C)CC3)c(C(F)(F)F)c2)cc1I,C[Si](C)(C)C#Cc1cnc2nccn2c1,Cc1ccc(C(=O)Nc2ccc(CN3CCN(C)CC3)c(C(F)(F)F)c2)cc1C#Cc1cnc2nccn2c1,65.0,,,no,
8-1,22-26,Cc1ccc(C(=O)Nc2ccc(CN3CCN(C)CC3)c(C(F)(F)F)c2)cc1I,C[Si](C)(C)C#Cc1cncc2nc[nH]c12,Cc1ccc(C(=O)Nc2ccc(CN3CCN(C)CC3)c(C(F)(F)F)c2)cc1C#Cc1cncc2nc[nH]c12,58.0,13.0,18.0,yes,7.886056647693163
8-2,22-2,Cc1ccc(C(=O)Nc2ccc(CN3CCN(CCO)CC3)c(C(F)(F)F)c2)cc1I,C#Cc1cnc2ccccn12,Cc1ccc(C(=O)Nc2ccc(CN3CCN(CCO)CC3)c(C(F)(F)F)c2)cc1C#Cc1cnc2ccccn12,0.0,19.0,,yes,7.721246399047171
8-2,22-3,Cc1ccc(C(=O)Nc2ccc(CN3CCN(CCO)CC3)c(C(F)(F)F)c2)cc1I,C#Cc1cnc2ccc(C(F)(F)F)cn12,Cc1ccc(C(=O)Nc2ccc(CN3CCN(CCO)CC3)c(C(F)(F)F)c2)cc1C#Cc1cnc2ccc(C(F)(F)F)cn12,27.0,59.0,95.0,yes,7.229147988357855
8-2,22-4,Cc1ccc(C(=O)Nc2ccc(CN3CCN(CCO)CC3)c(C(F)(F)F)c2)cc1I,C#Cc1cnc2cccnn12,Cc1ccc(C(=O)Nc2ccc(CN3CCN(CCO)CC3)c(C(F)(F)F)c2)cc1C#Cc1cnc2cccnn12,0.0,12.0,,yes,7.920818753952375
8-2,22-5,Cc1ccc(C(=O)Nc2ccc(CN3CCN(CCO)CC3)c(C(F)(F)F)c2)cc1I,C#Cc1cncc2nccn12,Cc1ccc(C(=O)Nc2ccc(CN3CCN(CCO)CC3)c(C(F)(F)F)c2)cc1C#Cc1cncc2nccn12,33.0,6.0,17.0,yes,8.221848749616356
8-2,22-6,Cc1ccc(C(=O)Nc2ccc(CN3CCN(CCO)CC3)c(C(F)(F)F)c2)cc1I,C#Cc1cnc2cnccn12,Cc1ccc(C(=O)Nc2ccc(CN3CCN(CCO)CC3)c(C(F)(F)F)c2)cc1C#Cc1cnc2cnccn12,34.0,3.0,8.0,yes,8.522878745280337
8-2,22-9,Cc1ccc(C(=O)Nc2ccc(CN3CCN(CCO)CC3)c(C(F)(F)F)c2)cc1I,C#Cc1cnccn1,Cc1ccc(C(=O)Nc2ccc(CN3CCN(CCO)CC3)c(C(F)(F)F)c2)cc1C#Cc1cnccn1,89.0,,,no,
8-2,22-15,Cc1ccc(C(=O)Nc2ccc(CN3CCN(CCO)CC3)c(C(F)(F)F)c2)cc1I,C#Cc1cccnc1,Cc1ccc(C(=O)Nc2ccc(CN3CCN(CCO)CC3)c(C(F)(F)F)c2)cc1C#Cc1cccnc1,18.0,,,no,
8-2,22-25,Cc1ccc(C(=O)Nc2ccc(CN3CCN(CCO)CC3)c(C(F)(F)F)c2)cc1I,C[Si](C)(C)C#Cc1cnc2nccn2c1,Cc1ccc(C(=O)Nc2ccc(CN3CCN(CCO)CC3)c(C(F)(F)F)c2)cc1C#Cc1cnc2nccn2c1,68.0,,,no,
8-2,22-26,Cc1ccc(C(=O)Nc2ccc(CN3CCN(CCO)CC3)c(C(F)(F)F)c2)cc1I,C[Si](C)(C)C#Cc1cncc2nc[nH]c12,Cc1ccc(C(=O)Nc2ccc(CN3CCN(CCO)CC3)c(C(F)(F)F)c2)cc1C#Cc1cncc2nc[nH]c12,59.0,14.0,26.0,yes,7.853871964321762
8-3,22-5,Cc1ccc(C(=O)Nc2ccc(CN3CCC(O)CC3)c(C(F)(F)F)c2)cc1I,C#Cc1cncc2nccn12,Cc1ccc(C(=O)Nc2ccc(CN3CCC(O)CC3)c(C(F)(F)F)c2)cc1C#Cc1cncc2nccn12,55.0,45.0,82.0,yes,7.346787486224656
8-3,22-6,Cc1ccc(C(=O)Nc2ccc(CN3CCC(O)CC3)c(C(F)(F)F)c2)cc1I,C#Cc1cnc2cnccn12,Cc1ccc(C(=O)Nc2ccc(CN3CCC(O)CC3)c(C(F)(F)F)c2)cc1C#Cc1cnc2cnccn12,42.0,,,no,
8-3,22-7,Cc1ccc(C(=O)Nc2ccc(CN3CCC(O)CC3)c(C(F)(F)F)c2)cc1I,C#Cc1cncn1C,Cc1ccc(C(=O)Nc2ccc(CN3CCC(O)CC3)c(C(F)(F)F)c2)cc1C#Cc1cncn1C,4.0,190.0,900.0,yes,6.721246399047171
8-3,22-10,Cc1ccc(C(=O)Nc2ccc(CN3CCC(O)CC3)c(C(F)(F)F)c2)cc1I,C#Cc1cnc2ccccc2n1,Cc1ccc(C(=O)Nc2ccc(CN3CCC(O)CC3)c(C(F)(F)F)c2)cc1C#Cc1cnc2ccccc2n1,64.0,220.0,590.0,yes,6.657577319177793
8-3,22-11,Cc1ccc(C(=O)Nc2ccc(CN3CCC(O)CC3)c(C(F)(F)F)c2)cc1I,C#Cc1cnc2[nH]ccc2n1,Cc1ccc(C(=O)Nc2ccc(CN3CCC(O)CC3)c(C(F)(F)F)c2)cc1C#Cc1cnc2[nH]ccc2n1,90.0,280.0,470.0,yes,6.552841968657781
8-3,22-16,Cc1ccc(C(=O)Nc2ccc(CN3CCC(O)CC3)c(C(F)(F)F)c2)cc1I,C#Cc1ccncc1,Cc1ccc(C(=O)Nc2ccc(CN3CCC(O)CC3)c(C(F)(F)F)c2)cc1C#Cc1ccncc1,21.0,10000.0,10000.0,yes,5.0
8-3,22-19,Cc1ccc(C(=O)Nc2ccc(CN3CCC(O)CC3)c(C(F)(F)F)c2)cc1I,C#Cc1cccc(F)c1,Cc1ccc(C(=O)Nc2ccc(CN3CCC(O)CC3)c(C(F)(F)F)c2)cc1C#Cc1cccc(F)c1,77.0,10000.0,10000.0,yes,5.0
8-3,22-20,Cc1ccc(C(=O)Nc2ccc(CN3CCC(O)CC3)c(C(F)(F)F)c2)cc1I,C#Cc1ccc(F)cc1,Cc1ccc(C(=O)Nc2ccc(CN3CCC(O)CC3)c(C(F)(F)F)c2)cc1C#Cc1ccc(F)cc1,78.0,10000.0,10000.0,yes,5.0
8-3,22-23,Cc1ccc(C(=O)Nc2ccc(CN3CCC(O)CC3)c(C(F)(F)F)c2)cc1I,C#Cc1ccc(N)nc1,Cc1ccc(C(=O)Nc2ccc(CN3CCC(O)CC3)c(C(F)(F)F)c2)cc1C#Cc1ccc(N)nc1,11.0,180.0,1000.0,yes,6.7447274948966935
8-4,22-4,Cc1ccc(C(=O)Nc2ccc(Cn3ccnc3)c(C(F)(F)F)c2)cc1I,C#Cc1cnc2cccnn12,Cc1ccc(C(=O)Nc2ccc(Cn3ccnc3)c(C(F)(F)F)c2)cc1C#Cc1cnc2cccnn12,51.0,,,no,
8-4,22-5,Cc1ccc(C(=O)Nc2ccc(Cn3ccnc3)c(C(F)(F)F)c2)cc1I,C#Cc1cncc2nccn12,Cc1ccc(C(=O)Nc2ccc(Cn3ccnc3)c(C(F)(F)F)c2)cc1C#Cc1cncc2nccn12,41.0,17.0,36.0,yes,7.769551078621726
8-4,22-6,Cc1ccc(C(=O)Nc2ccc(Cn3ccnc3)c(C(F)(F)F)c2)cc1I,C#Cc1cnc2cnccn12,Cc1ccc(C(=O)Nc2ccc(Cn3ccnc3)c(C(F)(F)F)c2)cc1C#Cc1cnc2cnccn12,40.0,,,no,
8-4,22-8,Cc1ccc(C(=O)Nc2ccc(Cn3ccnc3)c(C(F)(F)F)c2)cc1I,C#Cc1ccccn1,Cc1ccc(C(=O)Nc2ccc(Cn3ccnc3)c(C(F)(F)F)c2)cc1C#Cc1ccccn1,75.0,10000.0,93000.0,yes,5.0
8-4,22-17,Cc1ccc(C(=O)Nc2ccc(Cn3ccnc3)c(C(F)(F)F)c2)cc1I,C#Cc1ccccc1,Cc1ccc(C(=O)Nc2ccc(Cn3ccnc3)c(C(F)(F)F)c2)cc1C#Cc1ccccc1,86.0,10000.0,10000.0,yes,5.0
8-4,22-19,Cc1ccc(C(=O)Nc2ccc(Cn3ccnc3)c(C(F)(F)F)c2)cc1I,C#Cc1cccc(F)c1,Cc1ccc(C(=O)Nc2ccc(Cn3ccnc3)c(C(F)(F)F)c2)cc1C#Cc1cccc(F)c1,19.0,10000.0,10000.0,yes,5.0
8-4,22-25,Cc1ccc(C(=O)Nc2ccc(Cn3ccnc3)c(C(F)(F)F)c2)cc1I,C[Si](C)(C)C#Cc1cnc2nccn2c1,Cc1ccc(C(=O)Nc2ccc(Cn3ccnc3)c(C(F)(F)F)c2)cc1C#Cc1cnc2nccn2c1,9.0,,,no,
8-4,22-26,Cc1ccc(C(=O)Nc2ccc(Cn3ccnc3)c(C(F)(F)F)c2)cc1I,C[Si](C)(C)C#Cc1cncc2nc[nH]c12,Cc1ccc(C(=O)Nc2ccc(Cn3ccnc3)c(C(F)(F)F)c2)cc1C#Cc1cncc2nc[nH]c12,3.0,,,no,
8-5,22-1,Cc1ccc(C(=O)Nc2ccccc2)cc1I,C#Cc1cnc2ccc(C(=N)OC)cn12,COC(=N)c1ccc2ncc(C#Cc3cc(C(=O)Nc4ccccc4)ccc3C)n2c1,2.0,10000.0,10000.0,yes,5.0
8-5,22-12,Cc1ccc(C(=O)Nc2ccccc2)cc1I,C#Cc1cnc2cccnc2c1,Cc1ccc(C(=O)Nc2ccccc2)cc1C#Cc1cnc2cccnc2c1,63.0,6000.0,10000.0,yes,5.221848749616356
8-5,22-13,Cc1ccc(C(=O)Nc2ccccc2)cc1I,C#Cc1cnc2scnc2c1,Cc1ccc(C(=O)Nc2ccccc2)cc1C#Cc1cnc2scnc2c1,88.0,10000.0,10000.0,yes,5.0
8-5,22-17,Cc1ccc(C(=O)Nc2ccccc2)cc1I,C#Cc1ccccc1,Cc1ccc(C(=O)Nc2ccccc2)cc1C#Cc1ccccc1,24.0,10000.0,10000.0,yes,5.0
8-5,22-18,Cc1ccc(C(=O)Nc2ccccc2)cc1I,C#Cc1cccc(C#N)c1,Cc1ccc(C(=O)Nc2ccccc2)cc1C#Cc1cccc(C#N)c1,73.0,10000.0,10000.0,yes,5.0
8-5,22-22,Cc1ccc(C(=O)Nc2ccccc2)cc1I,C#Cc1cnc(Nc2ccccc2)nc1,Cc1ccc(C(=O)Nc2ccccc2)cc1C#Cc1cnc(Nc2ccccc2)nc1,60.0,,,no,
8-5,22-24,Cc1ccc(C(=O)Nc2ccccc2)cc1I,C#Cc1ccccc1F,Cc1ccc(C(=O)Nc2ccccc2)cc1C#Cc1ccccc1F,84.0,10000.0,10000.0,yes,5.0
8-5,22-27,Cc1ccc(C(=O)Nc2ccccc2)cc1I,C#Cc1cnc(C)s1,Cc1ncc(C#Cc2cc(C(=O)Nc3ccccc3)ccc2C)s1,8.0,8000.0,10000.0,yes,5.096910013008056
16-1,22-2,Cc1ccc(NC(=O)c2ccc(CN3CCN(C)CC3)c(C(F)(F)F)c2)cc1I,C#Cc1cnc2ccccn12,Cc1ccc(NC(=O)c2ccc(CN3CCN(C)CC3)c(C(F)(F)F)c2)cc1C#Cc1cnc2ccccn12,0.0,9.0,,yes,8.045757490560675
16-1,22-3,Cc1ccc(NC(=O)c2ccc(CN3CCN(C)CC3)c(C(F)(F)F)c2)cc1I,C#Cc1cnc2ccc(C(F)(F)F)cn12,Cc1ccc(NC(=O)c2ccc(CN3CCN(C)CC3)c(C(F)(F)F)c2)cc1C#Cc1cnc2ccc(C(F)(F)F)cn12,12.0,24.0,86.0,yes,7.619788758288394
16-1,22-4,Cc1ccc(NC(=O)c2ccc(CN3CCN(C)CC3)c(C(F)(F)F)c2)cc1I,C#Cc1cnc2cccnn12,Cc1ccc(NC(=O)c2ccc(CN3CCN(C)CC3)c(C(F)(F)F)c2)cc1C#Cc1cnc2cccnn12,47.0,45.0,39.0,yes,7.346787486224656
16-1,22-5,Cc1ccc(NC(=O)c2ccc(CN3CCN(C)CC3)c(C(F)(F)F)c2)cc1I,C#Cc1cncc2nccn12,Cc1ccc(NC(=O)c2ccc(CN3CCN(C)CC3)c(C(F)(F)F)c2)cc1C#Cc1cncc2nccn12,31.0,,,no,
16-1,22-6,Cc1ccc(NC(=O)c2ccc(CN3CCN(C)CC3)c(C(F)(F)F)c2)cc1I,C#Cc1cnc2cnccn12,Cc1ccc(NC(=O)c2ccc(CN3CCN(C)CC3)c(C(F)(F)F)c2)cc1C#Cc1cnc2cnccn12,32.0,1.0,3.0,yes,9.0
16-1,22-7,Cc1ccc(NC(=O)c2ccc(CN3CCN(C)CC3)c(C(F)(F)F)c2)cc1I,C#Cc1cncn1C,Cc1ccc(NC(=O)c2ccc(CN3CCN(C)CC3)c(C(F)(F)F)c2)cc1C#Cc1cncn1C,28.0,11.0,19.0,yes,7.958607314841775
16-1,22-14,Cc1ccc(NC(=O)c2ccc(CN3CCN(C)CC3)c(C(F)(F)F)c2)cc1I,C#Cc1cnc2cn[nH]c2c1,Cc1ccc(NC(=O)c2ccc(CN3CCN(C)CC3)c(C(F)(F)F)c2)cc1C#Cc1cnc2cn[nH]c2c1,82.0,,,no,
16-1,22-20,Cc1ccc(NC(=O)c2ccc(CN3CCN(C)CC3)c(C(F)(F)F)c2)cc1I,C#Cc1ccc(F)cc1,Cc1ccc(NC(=O)c2ccc(CN3CCN(C)CC3)c(C(F)(F)F)c2)cc1C#Cc1ccc(F)cc1,17.0,1700.0,10000.0,yes,5.769551078621726
16-1,22-25,Cc1ccc(NC(=O)c2ccc(CN3CCN(C)CC3)c(C(F)(F)F)c2)cc1I,C[Si](C)(C)C#Cc1cnc2nccn2c1,Cc1ccc(NC(=O)c2ccc(CN3CCN(C)CC3)c(C(F)(F)F)c2)cc1C#Cc1cnc2nccn2c1,71.0,,,no,
16-1,22-26,Cc1ccc(NC(=O)c2ccc(CN3CCN(C)CC3)c(C(F)(F)F)c2)cc1I,C[Si](C)(C)C#Cc1cncc2nc[nH]c12,Cc1ccc(NC(=O)c2ccc(CN3CCN(C)CC3)c(C(F)(F)F)c2)cc1C#Cc1cncc2nc[nH]c12,66.0,16.0,14.0,yes,7.795880017344075
16-2,22-2,Cc1ccc(NC(=O)c2ccc(CN3CCN(CCO)CC3)c(C(F)(F)F)c2)cc1I,C#Cc1cnc2ccccn12,Cc1ccc(NC(=O)c2ccc(CN3CCN(CCO)CC3)c(C(F)(F)F)c2)cc1C#Cc1cnc2ccccn12,56.0,27.0,41.0,yes,7.568636235841013
16-2,22-4,Cc1ccc(NC(=O)c2ccc(CN3CCN(CCO)CC3)c(C(F)(F)F)c2)cc1I,C#Cc1cnc2cccnn12,Cc1ccc(NC(=O)c2ccc(CN3CCN(CCO)CC3)c(C(F)(F)F)c2)cc1C#Cc1cnc2cccnn12,52.0,30.0,41.0,yes,7.522878745280337
16-2,22-5,Cc1ccc(NC(=O)c2ccc(CN3CCN(CCO)CC3)c(C(F)(F)F)c2)cc1I,C#Cc1cncc2nccn12,Cc1ccc(NC(=O)c2ccc(CN3CCN(CCO)CC3)c(C(F)(F)F)c2)cc1C#Cc1cncc2nccn12,36.0,5.0,5.0,yes,8.301029995663981
16-2,22-6,Cc1ccc(NC(=O)c2ccc(CN3CCN(CCO)CC3)c(C(F)(F)F)c2)cc1I,C#Cc1cnc2cnccn12,Cc1ccc(NC(=O)c2ccc(CN3CCN(CCO)CC3)c(C(F)(F)F)c2)cc1C#Cc1cnc2cnccn12,35.0,2.0,3.0,yes,8.698970004336019
16-2,22-7,Cc1ccc(NC(=O)c2ccc(CN3CCN(CCO)CC3)c(C(F)(F)F)c2)cc1I,C#Cc1cncn1C,Cc1ccc(NC(=O)c2ccc(CN3CCN(CCO)CC3)c(C(F)(F)F)c2)cc1C#Cc1cncn1C,79.0,51.0,93.0,yes,7.292429823902063
16-2,22-8,Cc1ccc(NC(=O)c2ccc(CN3CCN(CCO)CC3)c(C(F)(F)F)c2)cc1I,C#Cc1ccccn1,Cc1ccc(NC(=O)c2ccc(CN3CCN(CCO)CC3)c(C(F)(F)F)c2)cc1C#Cc1ccccn1,20.0,6000.0,21000.0,yes,5.221848749616356
16-2,22-13,Cc1ccc(NC(=O)c2ccc(CN3CCN(CCO)CC3)c(C(F)(F)F)c2)cc1I,C#Cc1cnc2scnc2c1,Cc1ccc(NC(=O)c2ccc(CN3CCN(CCO)CC3)c(C(F)(F)F)c2)cc1C#Cc1cnc2scnc2c1,15.0,60.0,130.0,yes,7.221848749616356
16-2,22-18,Cc1ccc(NC(=O)c2ccc(CN3CCN(CCO)CC3)c(C(F)(F)F)c2)cc1I,C#Cc1cccc(C#N)c1,Cc1ccc(NC(=O)c2ccc(CN3CCN(CCO)CC3)c(C(F)(F)F)c2)cc1C#Cc1cccc(C#N)c1,6.0,,,no,
16-2,22-25,Cc1ccc(NC(=O)c2ccc(CN3CCN(CCO)CC3)c(C(F)(F)F)c2)cc1I,C[Si](C)(C)C#Cc1cnc2nccn2c1,Cc1ccc(NC(=O)c2ccc(CN3CCN(CCO)CC3)c(C(F)(F)F)c2)cc1C#Cc1cnc2nccn2c1,29.0,,,no,
16-2,22-26,Cc1ccc(NC(=O)c2ccc(CN3CCN(CCO)CC3)c(C(F)(F)F)c2)cc1I,C[Si](C)(C)C#Cc1cncc2nc[nH]c12,Cc1ccc(NC(=O)c2ccc(CN3CCN(CCO)CC3)c(C(F)(F)F)c2)cc1C#Cc1cncc2nc[nH]c12,67.0,17.0,30.0,yes,7.769551078621726
16-3,22-1,Cc1ccc(NC(=O)c2ccc(CN3CCC(O)CC3)c(C(F)(F)F)c2)cc1I,C#Cc1cnc2ccc(C(=N)OC)cn12,COC(=N)c1ccc2ncc(C#Cc3cc(NC(=O)c4ccc(CN5CCC(O)CC5)c(C(F)(F)F)c4)ccc3C)n2c1,87.0,,,no,
16-3,22-5,Cc1ccc(NC(=O)c2ccc(CN3CCC(O)CC3)c(C(F)(F)F)c2)cc1I,C#Cc1cncc2nccn12,Cc1ccc(NC(=O)c2ccc(CN3CCC(O)CC3)c(C(F)(F)F)c2)cc1C#Cc1cncc2nccn12,70.0,46.0,57.0,yes,7.337242168318426
16-3,22-6,Cc1ccc(NC(=O)c2ccc(CN3CCC(O)CC3)c(C(F)(F)F)c2)cc1I,C#Cc1cnc2cnccn12,Cc1ccc(NC(=O)c2ccc(CN3CCC(O)CC3)c(C(F)(F)F)c2)cc1C#Cc1cnc2cnccn12,43.0,,,no,
16-3,22-9,Cc1ccc(NC(=O)c2ccc(CN3CCC(O)CC3)c(C(F)(F)F)c2)cc1I,C#Cc1cnccn1,Cc1ccc(NC(=O)c2ccc(CN3CCC(O)CC3)c(C(F)(F)F)c2)cc1C#Cc1cnccn1,5.0,,,no,
16-3,22-11,Cc1ccc(NC(=O)c2ccc(CN3CCC(O)CC3)c(C(F)(F)F)c2)cc1I,C#Cc1cnc2[nH]ccc2n1,Cc1ccc(NC(=O)c2ccc(CN3CCC(O)CC3)c(C(F)(F)F)c2)cc1C#Cc1cnc2[nH]ccc2n1,62.0,220.0,300.0,yes,6.657577319177793
16-3,22-12,Cc1ccc(NC(=O)c2ccc(CN3CCC(O)CC3)c(C(F)(F)F)c2)cc1I,C#Cc1cnc2cccnc2c1,Cc1ccc(NC(=O)c2ccc(CN3CCC(O)CC3)c(C(F)(F)F)c2)cc1C#Cc1cnc2cccnc2c1,14.0,180.0,1000.0,yes,6.7447274948966935
16-3,22-20,Cc1ccc(NC(=O)c2ccc(CN3CCC(O)CC3)c(C(F)(F)F)c2)cc1I,C#Cc1ccc(F)cc1,Cc1ccc(NC(=O)c2ccc(CN3CCC(O)CC3)c(C(F)(F)F)c2)cc1C#Cc1ccc(F)cc1,76.0,10000.0,10000.0,yes,5.0
16-3,22-24,Cc1ccc(NC(=O)c2ccc(CN3CCC(O)CC3)c(C(F)(F)F)c2)cc1I,C#Cc1ccccc1F,Cc1ccc(NC(=O)c2ccc(CN3CCC(O)CC3)c(C(F)(F)F)c2)cc1C#Cc1ccccc1F,23.0,10000.0,10000.0,yes,5.0
16-4,22-1,Cc1ccc(NC(=O)c2ccc(Cn3ccnc3)c(C(F)(F)F)c2)cc1I,C#Cc1cnc2ccc(C(=N)OC)cn12,COC(=N)c1ccc2ncc(C#Cc3cc(NC(=O)c4ccc(Cn5ccnc5)c(C(F)(F)F)c4)ccc3C)n2c1,61.0,,,no,
16-4,22-5,Cc1ccc(NC(=O)c2ccc(Cn3ccnc3)c(C(F)(F)F)c2)cc1I,C#Cc1cncc2nccn12,Cc1ccc(NC(=O)c2ccc(Cn3ccnc3)c(C(F)(F)F)c2)cc1C#Cc1cncc2nccn12,1.0,16.0,28.0,yes,7.795880017344075
16-4,22-6,Cc1ccc(NC(=O)c2ccc(Cn3ccnc3)c(C(F)(F)F)c2)cc1I,C#Cc1cnc2cnccn12,Cc1ccc(NC(=O)c2ccc(Cn3ccnc3)c(C(F)(F)F)c2)cc1C#Cc1cnc2cnccn12,39.0,7.0,40.0,yes,8.154901959985743
16-4,22-10,Cc1ccc(NC(=O)c2ccc(Cn3ccnc3)c(C(F)(F)F)c2)cc1I,C#Cc1cnc2ccccc2n1,Cc1ccc(NC(=O)c2ccc(Cn3ccnc3)c(C(F)(F)F)c2)cc1C#Cc1cnc2ccccc2n1,13.0,130.0,540.0,yes,6.886056647693163
16-4,22-16,Cc1ccc(NC(=O)c2ccc(Cn3ccnc3)c(C(F)(F)F)c2)cc1I,C#Cc1ccncc1,Cc1ccc(NC(=O)c2ccc(Cn3ccnc3)c(C(F)(F)F)c2)cc1C#Cc1ccncc1,85.0,10000.0,10000.0,yes,5.0
16-4,22-21,Cc1ccc(NC(=O)c2ccc(Cn3ccnc3)c(C(F)(F)F)c2)cc1I,C#Cc1cncnc1,Cc1ccc(NC(=O)c2ccc(Cn3ccnc3)c(C(F)(F)F)c2)cc1C#Cc1cncnc1,72.0,230.0,160.0,yes,6.638272163982407
16-4,22-22,Cc1ccc(NC(=O)c2ccc(Cn3ccnc3)c(C(F)(F)F)c2)cc1I,C#Cc1cnc(Nc2ccccc2)nc1,Cc1ccc(NC(=O)c2ccc(Cn3ccnc3)c(C(F)(F)F)c2)cc1C#Cc1cnc(Nc2ccccc2)nc1,22.0,230.0,10000.0,yes,6.638272163982407
16-4,22-27,Cc1ccc(NC(=O)c2ccc(Cn3ccnc3)c(C(F)(F)F)c2)cc1I,C#Cc1cnc(C)s1,Cc1ncc(C#Cc2cc(NC(=O)c3ccc(Cn4ccnc4)c(C(F)(F)F)c3)ccc2C)s1,74.0,,,no,
19,22-2,CN1CCN(Cc2ccc(NC(=O)Nc3cc(Br)n(C)n3)cc2C(F)(F)F)CC1,C#Cc1cnc2ccccn12,CN1CCN(Cc2ccc(NC(=O)Nc3cc(C#Cc4cnc5ccccn45)n(C)n3)cc2C(F)(F)F)CC1,38.0,3000.0,10000.0,yes,5.522878745280337
19,22-4,CN1CCN(Cc2ccc(NC(=O)Nc3cc(Br)n(C)n3)cc2C(F)(F)F)CC1,C#Cc1cnc2cccnn12,CN1CCN(Cc2ccc(NC(=O)Nc3cc(C#Cc4cnc5cccnn45)n(C)n3)cc2C(F)(F)F)CC1,49.0,27.0,47.0,yes,7.568636235841013
19,22-5,CN1CCN(Cc2ccc(NC(=O)Nc3cc(Br)n(C)n3)cc2C(F)(F)F)CC1,C#Cc1cncc2nccn12,CN1CCN(Cc2ccc(NC(=O)Nc3cc(C#Cc4cncc5nccn45)n(C)n3)cc2C(F)(F)F)CC1,30.0,2.0,4.1,yes,8.698970004336019
19,22-6,CN1CCN(Cc2ccc(NC(=O)Nc3cc(Br)n(C)n3)cc2C(F)(F)F)CC1,C#Cc1cnc2cnccn12,CN1CCN(Cc2ccc(NC(=O)Nc3cc(C#Cc4cnc5cnccn45)n(C)n3)cc2C(F)(F)F)CC1,25.0,0.4,3.3,yes,9.397940008672037
19,22-7,CN1CCN(Cc2ccc(NC(=O)Nc3cc(Br)n(C)n3)cc2C(F)(F)F)CC1,C#Cc1cncn1C,CN1CCN(Cc2ccc(NC(=O)Nc3cc(C#Cc4cncn4C)n(C)n3)cc2C(F)(F)F)CC1,50.0,38.0,55.0,yes,7.42021640338319
19,22-9,CN1CCN(Cc2ccc(NC(=O)Nc3cc(Br)n(C)n3)cc2C(F)(F)F)CC1,C#Cc1cnccn1,CN1CCN(Cc2ccc(NC(=O)Nc3cc(C#Cc4cnccn4)n(C)n3)cc2C(F)(F)F)CC1,45.0,,,no,
19,22-10,CN1CCN(Cc2ccc(NC(=O)Nc3cc(Br)n(C)n3)cc2C(F)(F)F)CC1,C#Cc1cnc2ccccc2n1,CN1CCN(Cc2ccc(NC(=O)Nc3cc(C#Cc4cnc5ccccc5n4)n(C)n3)cc2C(F)(F)F)CC1,69.0,23.0,83.0,yes,7.638272163982407
19,22-11,CN1CCN(Cc2ccc(NC(=O)Nc3cc(Br)n(C)n3)cc2C(F)(F)F)CC1,C#Cc1cnc2[nH]ccc2n1,CN1CCN(Cc2ccc(NC(=O)Nc3cc(C#Cc4cnc5[nH]ccc5n4)n(C)n3)cc2C(F)(F)F)CC1,7.0,9.0,43.0,yes,8.045757490560675
19,22-13,CN1CCN(Cc2ccc(NC(=O)Nc3cc(Br)n(C)n3)cc2C(F)(F)F)CC1,C#Cc1cnc2scnc2c1,CN1CCN(Cc2ccc(NC(=O)Nc3cc(C#Cc4cnc5scnc5c4)n(C)n3)cc2C(F)(F)F)CC1,54.0,110.0,500.0,yes,6.958607314841775
19,22-14,CN1CCN(Cc2ccc(NC(=O)Nc3cc(Br)n(C)n3)cc2C(F)(F)F)CC1,C#Cc1cnc2cn[nH]c2c1,CN1CCN(Cc2ccc(NC(=O)Nc3cc(C#Cc4cnc5cn[nH]c5c4)n(C)n3)cc2C(F)(F)F)CC1,16.0,6.0,14.0,yes,8.221848749616356
19,22-15,CN1CCN(Cc2ccc(NC(=O)Nc3cc(Br)n(C)n3)cc2C(F)(F)F)CC1,C#Cc1cccnc1,CN1CCN(Cc2ccc(NC(=O)Nc3cc(C#Cc4cccnc4)n(C)n3)cc2C(F)(F)F)CC1,53.0,33.0,66.0,yes,7.481486060122112
19,22-20,CN1CCN(Cc2ccc(NC(=O)Nc3cc(Br)n(C)n3)cc2C(F)(F)F)CC1,C#Cc1ccc(F)cc1,CN1CCN(Cc2ccc(NC(=O)Nc3cc(C#Cc4ccc(F)cc4)n(C)n3)cc2C(F)(F)F)CC1,46.0,42.0,69.0,yes,7.376750709602099
19,22-21,CN1CCN(Cc2ccc(NC(=O)Nc3cc(Br)n(C)n3)cc2C(F)(F)F)CC1,C#Cc1cncnc1,CN1CCN(Cc2ccc(NC(=O)Nc3cc(C#Cc4cncnc4)n(C)n3)cc2C(F)(F)F)CC1,10.0,7.0,27.0,yes,8.154901959985743
19,22-25,CN1CCN(Cc2ccc(NC(=O)Nc3cc(Br)n(C)n3)cc2C(F)(F)F)CC1,C[Si](C)(C)C#Cc1cnc2nccn2c1,CN1CCN(Cc2ccc(NC(=O)Nc3cc(C#Cc4cnc5nccn5c4)n(C)n3)cc2C(F)(F)F)CC1,37.0,,,no,
19,22-26,CN1CCN(Cc2ccc(NC(=O)Nc3cc(Br)n(C)n3)cc2C(F)(F)F)CC1,C[Si](C)(C)C#Cc1cncc2nc[nH]c12,CN1CCN(Cc2ccc(NC(=O)Nc3cc(C#Cc4cncc5nc[nH]c45)n(C)n3)cc2C(F)(F)F)CC1,44.0,3.0,9.0,yes,8.522878745280337
19,22-27,CN1CCN(Cc2ccc(NC(=O)Nc3cc(Br)n(C)n3)cc2C(F)(F)F)CC1,C#Cc1cnc(C)s1,Cc1ncc(C#Cc2cc(NC(=O)Nc3ccc(CN4CCN(C)CC4)c(C(F)(F)F)c3)nn2C)s1,81.0,,,no,
